Workbook

Sheet Golf Scores
A1: Golfer | B1: Date | C1: Score | D1: Over Par | E1: Played With | F1: Par | G1: Course | H1: Tees | I1: Yardage | J1: Front 9 | K1: Back 9 | L1: Eagles | M1: Birdies | N1: Pars | O1: Bogeys | P1: Double Bogeys | Q1: Holes Played | R1: Putts | S1: Fairways | T1: Greens
A2: Tyler | B2: 45941 | C2: 91 | D2: 19 | E2: Dad | F2: =C2-D2 -> 72 | G2: Wind Watch Hamlet Course | H2: White | I2: 6030 | J2: 46 | K2: 45 | L2: 0 | M2: 1 | N2: 2 | O2: 9 | P2: 6 | Q2: =SUM(L2:P2) -> 18 | R2: 30 | S2: 3 | T2: 1
A3: Rich | B3: 45941 | C3: 91 | D3: 19 | E3: Tyler | F3: =C3-D3 -> 72 | G3: Wind Watch Hamlet Course | H3: White | I3: 6030 | J3: 46 | K3: 45 | L3: 0 | M3: 0 | N3: 3 | O3: 10 | P3: 5 | Q3: =SUM(L3:P3) -> 18 | R3: 33 | S3: 7 | T3: 1
A4: Tyler | B4: 45897 | C4: 89 | D4: 17 | E4: Rich | F4: =C4-D4 -> 72 | G4: Spring Lake Thunderbird | H4: Blue | I4: 6504 | J4: 44 | K4: 45 | L4: 0 | M4: 0 | N4: 5 | O4: 9 | P4: 4 | Q4: =SUM(L4:P4) -> 18 | R4: 31 | S4: 3 | T4: 4
A5: Rich | B5: 45897 | C5: 90 | D5: 18 | E5: Tyler | F5: =C5-D5 -> 72 | G5: Spring Lake Thunderbird | H5: Blue | I5: 6504 | J5: 43 | K5: 47 | L5: 0 | M5: 0 | N5: 3 | O5: 12 | P5: 3 | Q5: =SUM(L5:P5) -> 18 | R5: 32 | S5: 5 | T5: 0
A6: Tyler | B6: 45894 | C6: 95 | D6: 24 | E6: Ryan | F6: =C6-D6 -> 71 | G6: Willow Creek Hamlet Course | H6: Blue | I6: 6311 | J6: 45 | K6: 40 | L6: 0 | M6: 0 | N6: 2 | O6: 8 | P6: 8 | Q6: =SUM(L6:P6) -> 18 | R6: 38 | S6: 6 | T6: 1
A7: Ryan | B7: 45894 | C7: 112 | D7: 41 | E7: Tyler | F7: =C7-D7 -> 71 | G7: Willow Creek Hamlet Course | H7: Blue | I7: 6311 | J7: 58 | K7: 54 | L7: 0 | M7: 0 | N7: 0 | O7: 6 | P7: 12 | Q7: =SUM(L7:P7) -> 18 | R7: 42 | S7: 3 | T7: 3
A8: Tyler | B8: 45892 | C8: 85 | D8: 13 | E8: Rich | F8: =C8-D8 -> 72 | G8: Spring Lake Thunderbird | H8: Blue | I8: 6504 | J8: 45 | K8: 40 | L8: 0 | M8: 0 | N8: 7 | O8: 9 | P8: 2 | Q8: =SUM(L8:P8) -> 18 | R8: 32 | S8: 6 | T8: 5
A9: Rich | B9: 45892 | C9: 90 | D9: 18 | E9: Tyler | F9: =C9-D9 -> 72 | G9: Spring Lake Thunderbird | H9: Blue | I9: 6504 | J9: 44 | K9: 46 | L9: 0 | M9: 0 | N9: 6 | O9: 7 | P9: 5 | Q9: =SUM(L9:P9) -> 18 | R9: 38 | S9: 8 | T9: 6
A10: Tyler | B10: 45886 | C10: 83 | D10: 11 | E10: Rich | F10: =C10-D10 -> 72 | G10: Spring Lake Thunderbird | H10: Blue | I10: 6504 | J10: 42 | K10: 41 | L10: 0 | M10: 0 | N10: 10 | O10: 5 | P10: 3 | Q10: =SUM(L10:P10) -> 18 | R10: 30 | S10: 11 | T10: 4
A11: Rich | B11: 45886 | C11: 89 | D11: 17 | E11: Tyler | F11: =C11-D11 -> 72 | G11: Spring Lake Thunderbird | H11: Blue | I11: 6504 | J11: 45 | K11: 44 | L11: 0 | M11: 0 | N11: 7 | O11: 6 | P11: 5 | Q11: =SUM(L11:P11) -> 18 | R11: 39 | S11: 8 | T11: 8
A12: Tyler | B12: 45868 | C12: 81 | D12: 11 | E12: Vin | F12: =C12-D12 -> 70 | G12: Bethpage Red | H12: Blue | I12: 6921 | J12: 40 | K12: 41 | L12: 0 | M12: 1 | N12: 8 | O12: 6 | P12: 3 | Q12: =SUM(L12:P12) -> 18 | R12: 29 | S12: 7 | T12: 4
A13: Tyler | B13: 45857 | C13: 75 | D13: 4 | E13: Rich | F13: =C13-D13 -> 71 | G13: Bethpage Green | H13: White | I13: 6064 | J13: 38 | K13: 37 | L13: 0 | M13: 1 | N13: 12 | O13: 5 | P13: 0 | Q13: =SUM(L13:P13) -> 18 | R13: 33 | S13: 8 | T13: 11
A14: Rich | B14: 45857 | C14: 84 | D14: 13 | E14: Tyler | F14: =C14-D14 -> 71 | G14: Bethpage Green | H14: White | I14: 6124 | J14: 43 | L14: 0 | M14: 1 | N14: 8 | O14: 6 | P14: 3 | Q14: =SUM(L14:P14) -> 18 | R14: 35 | S14: 6 | T14: 8
A15: Ryan | B15: 45853 | C15: 109 | D15: 38 | F15: =C15-D15 -> 71 | G15: Pine Hollow | H15: White | I15: 6348 | J15: 57 | K15: 52 | L15: 0 | M15: 0 | N15: 1 | O15: 5 | P15: 12 | Q15: =SUM(L15:P15) -> 18 | R15: 45 | S15: 0 | T15: 2
A16: Tyler | B16: 45844 | C16: 79 | D16: 8 | E16: Rich | F16: =C16-D16 -> 71 | G16: Bethpage Green | H16: White | I16: 6064 | J16: 39 | K16: 40 | L16: 0 | M16: 0 | N16: 11 | O16: 6 | P16: 1 | Q16: =SUM(L16:P16) -> 18 | R16: 32 | S16: 7 | T16: 8
A17: Rich | B17: 45844 | C17: 86 | D17: 15 | E17: Tyler | F17: =C17-D17 -> 71 | G17: Bethpage Green | H17: White | I17: 6124 | J17: 44 | K17: 42 | L17: 0 | M17: 0 | N17: 6 | O17: 9 | P17: 3 | Q17: =SUM(L17:P17) -> 18 | R17: 31 | S17: 6 | T17: 3
A18: Tyler | B18: 45831 | C18: 78 | D18: 6 | E18: Vin | F18: =C18-D18 -> 72 | G18: Bethpage Blue | H18: Blue | I18: 6666 | J18: 41 | K18: 37 | L18: 0 | M18: 2 | N18: 9 | O18: 6 | P18: 1 | Q18: =SUM(L18:P18) -> 18 | R18: 32 | S18: 8 | T18: 8
A19: Tyler | B19: 45829 | C19: 76 | D19: 4 | E19: Rich | F19: =C19-D19 -> 72 | G19: Brentwood Country Club | H19: White | I19: 5835 | J19: 40 | K19: 36 | L19: 0 | M19: 2 | N19: 10 | O19: 6 | P19: 0 | Q19: =SUM(L19:P19) -> 18 | R19: 28 | S19: 9 | T19: 7
A20: Rich | B20: 45829 | C20: 83 | D20: 11 | E20: Tyler | F20: =C20-D20 -> 72 | G20: Brentwood Country Club | H20: White | I20: 5835 | J20: 45 | K20: 38 | L20: 0 | M20: 0 | N20: 8 | O20: 8 | P20: 2 | Q20: =SUM(L20:P20) -> 18 | R20: 34 | S20: 1 | T20: 6
A21: Ryan | B21: 45765 | C21: 111 | D21: 40 | F21: =C21-D21 -> 71 | G21: Cherry Creek | H21: White | I21: 6229 | J21: 58 | K21: 53 | L21: 0 | M21: 0 | N21: 2 | O21: 1 | P21: 15 | Q21: =SUM(L21:P21) -> 18 | R21: 42 | S21: 5 | T21: 2
A22: Tyler | B22: 45735 | C22: 76 | D22: 5 | E22: Vin | F22: =C22-D22 -> 71 | G22: Bethpage Green | H22: White | I22: 6124 | J22: 40 | K22: 36 | L22: 0 | M22: 1 | N22: 12 | O22: 4 | P22: 1 | Q22: =SUM(L22:P22) -> 18 | R22: 31 | S22: 7 | T22: 10
A23: Tyler | B23: 45655 | C23: 85 | D23: 13 | E23: Rich | F23: =C23-D23 -> 72 | G23: Wailea Golf Club Emerald Course | H23: Blue | I23: 6407 | J23: 42 | K23: 43 | L23: 0 | M23: 0 | N23: 8 | O23: 7 | P23: 3 | Q23: =SUM(L23:P23) -> 18 | R23: 34 | S23: 11 | T23: 6
A24: Rich | B24: 45655 | C24: 91 | D24: 19 | E24: Tyler | F24: =C24-D24 -> 72 | G24: Wailea Golf Club Emerald Course | H24: Blue | I24: 6407 | J24: 41 | K24: 50 | L24: 0 | M24: 0 | N24: 4 | O24: 9 | P24: 5 | Q24: =SUM(L24:P24) -> 18 | R24: 34 | S24: 11 | T24: 6
A25: Tyler | B25: 45653 | C25: 80 | D25: 8 | E25: Rich | F25: =C25-D25 -> 72 | G25: Wailea Golf Club Gold Course | H25: Blue | I25: 6653 | J25: 40 | K25: 40 | L25: 0 | M25: 0 | N25: 10 | O25: 8 | P25: 0 | Q25: =SUM(L25:P25) -> 18
A26: Rich | B26: 45653 | C26: 92 | D26: 20 | E26: Tyler | F26: =C26-D26 -> 72 | G26: Wailea Golf Club Gold Course | H26: Blue | I26: 6653 | J26: 46 | K26: 46 | L26: 0 | M26: 0 | N26: 2 | O26: 12 | P26: 4 | Q26: =SUM(L26:P26) -> 18 | R26: 36 | S26: 3 | T26: 2
A27: Tyler | B27: 45649 | C27: 88 | D27: 17 | E27: Rich | F27: =C27-D27 -> 71 | G27: Ka'anapali Golf Resort Royal Course | H27: Gold | I27: 5839 | J27: 47 | K27: 41 | L27: 0 | M27: 0 | N27: 3 | O27: 13 | P27: 2 | Q27: =SUM(L27:P27) -> 18 | R27: 35 | S27: 5 | T27: 1
A28: Rich | B28: 45649 | C28: 91 | D28: 20 | E28: Tyler | F28: =C28-D28 -> 71 | G28: Ka'anapali Golf Resort Royal Course | H28: Gold | I28: 5839 | J28: 47 | K28: 44 | L28: 0 | M28: 0 | N28: 2 | O28: 12 | P28: 4 | Q28: =SUM(L28:P28) -> 18 | R28: 37 | S28: 3 | T28: 3
A29: Tyler | B29: 45580 | C29: 83 | D29: 11 | E29: Rich, Ryan, Vin | F29: =C29-D29 -> 72 | G29: Sebonack Golf Club | H29: White | I29: 6409 | J29: 39 | K29: 44 | L29: 0 | M29: 2 | N29: 8 | O29: 3 | P29: 5 | Q29: =SUM(L29:P29) -> 18 | R29: 28 | S29: 5 | T29: 4
A30: Tyler | B30: 45570 | C30: 79 | D30: 8 | E30: Rich | F30: =C30-D30 -> 71 | G30: Bethpage Green | H30: White | I30: 6124 | J30: 38 | K30: 41 | L30: 0 | M30: 1 | N30: 9 | O30: 7 | P30: 1 | Q30: =SUM(L30:P30) -> 18 | R30: 29 | S30: 5 | T30: 5
A31: Rich | B31: 45570 | C31: 87 | D31: 16 | E31: Tyler | F31: =C31-D31 -> 71 | G31: Bethpage Green | H31: White | I31: 6064 | J31: 44 | K31: 43 | L31: 0 | M31: 0 | N31: 5 | O31: 10 | P31: 3 | Q31: =SUM(L31:P31) -> 18 | R31: 38 | S31: 2 | T31: 6
A32: Tyler | B32: 45535 | C32: 87 | D32: 16 | E32: Rich | F32: =C32-D32 -> 71 | G32: Bethpage Yellow | H32: White | I32: 6055 | J32: 45 | K32: 42 | L32: 0 | M32: 0 | N32: 4 | O32: 12 | P32: 2 | Q32: =SUM(L32:P32) -> 18 | R32: 32 | S32: 6 | T32: 3
A33: Rich | B33: 45535 | C33: 87 | D33: 16 | E33: Tyler | F33: =C33-D33 -> 71 | G33: Bethpage Yellow | H33: White | I33: 6022 | J33: 44 | K33: 43 | L33: 0 | M33: 0 | N33: 3 | O33: 14 | P33: 1 | Q33: =SUM(L33:P33) -> 18 | R33: 36 | S33: 4 | T33: 3
A34: Ryan | B34: 45520 | C34: 98 | D34: 27 | F34: =C34-D34 -> 71 | G34: Middle Island Country Club | H34: White | I34: 6549 | J34: 46 | K34: 52 | L34: 0 | M34: 0 | N34: 3 | O34: 8 | P34: 7 | Q34: =SUM(L34:P34) -> 18 | R34: 36 | S34: 7 | T34: 4
A35: Tyler | B35: 45514 | C35: 85 | D35: 13 | E35: Rich | F35: =C35-D35 -> 72 | G35: Brentwood Country Club | H35: Blue | I35: 6173 | J35: 45 | K35: 40 | L35: 0 | M35: 0 | N35: 7 | O35: 9 | P35: 2 | Q35: =SUM(L35:P35) -> 18 | R35: 31 | S35: 6 | T35: 4
A36: Rich | B36: 45514 | C36: 90 | D36: 18 | E36: Tyler | F36: =C36-D36 -> 72 | G36: Brentwood Country Club | H36: Blue | I36: 6173 | J36: 44 | K36: 46 | L36: 0 | M36: 0 | N36: 4 | O36: 10 | P36: 4 | Q36: =SUM(L36:P36) -> 18 | R36: 28 | S36: 4 | T36: 1
A37: Tyler | B37: 45502 | C37: 83 | D37: 12 | E37: Vin | F37: =C37-D37 -> 71 | G37: Bethpage Green | H37: Blue | I37: 6378 | J37: 41 | K37: 42 | L37: 0 | M37: 0 | N37: 8 | O37: 8 | P37: 2 | Q37: =SUM(L37:P37) -> 18 | R37: 29 | S37: 6 | T37: 4
A38: Tyler | B38: 45496 | C38: 79 | D38: 7 | E38: Chris | F38: =C38-D38 -> 72 | G38: Brentwood Country Club | H38: Blue | I38: 6173 | J38: 40 | K38: 39 | L38: 1 | M38: 2 | N38: 4 | O38: 11 | P38: 0 | Q38: =SUM(L38:P38) -> 18 | R38: 27 | S38: 9 | T38: 3
A39: Tyler | B39: 45492 | C39: 83 | D39: 11 | E39: Ryan | F39: =C39-D39 -> 72 | G39: Brentwood Country Club | H39: Blue | I39: 6173 | J39: 42 | K39: 41 | L39: 0 | M39: 1 | N39: 9 | O39: 4 | P39: 4 | Q39: =SUM(L39:P39) -> 18 | R39: 27 | S39: 8 | T39: 5
A40: Ryan | B40: 45492 | C40: 104 | D40: 32 | E40: Tyler | F40: =C40-D40 -> 72 | G40: Brentwood Country Club | H40: Blue | I40: 6173 | J40: 57 | K40: 47 | L40: 0 | M40: 1 | N40: 0 | O40: 6 | P40: 11 | Q40: =SUM(L40:P40) -> 18 | R40: 34 | S40: 7 | T40: 1
A41: Tyler | B41: 45487 | C41: 78 | D41: 7 | E41: Rich | F41: =C41-D41 -> 71 | G41: Bethpage Green | H41: Blue | I41: 6378 | J41: 39 | K41: 39 | L41: 0 | M41: 1 | N41: 9 | O41: 8 | P41: 0 | Q41: =SUM(L41:P41) -> 18 | R41: 29 | S41: 3 | T41: 6
A42: Rich | B42: 45487 | C42: 89 | D42: 18 | E42: Tyler | F42: =C42-D42 -> 71 | G42: Bethpage Green | H42: Blue | I42: 6376 | J42: 46 | K42: 43 | L42: 0 | M42: 0 | N42: 3 | O42: 12 | P42: 3 | Q42: =SUM(L42:P42) -> 18 | R42: 34 | S42: 2 | T42: 2
A43: Tyler | B43: 45480 | C43: 80 | D43: 10 | E43: Vin | F43: =C43-D43 -> 70 | G43: Bethpage Red | H43: Blue | I43: 7092 | J43: 42 | K43: 38 | L43: 0 | M43: 0 | N43: 8 | O43: 10 | P43: 0 | Q43: =SUM(L43:P43) -> 18 | R43: 30 | S43: 8 | T43: 2
A44: Tyler | B44: 45475 | C44: 77 | D44: 5 | E44: Vin | F44: =C44-D44 -> 72 | G44: Bethpage Blue | H44: Blue | I44: 6638 | J44: 37 | K44: 40 | L44: 0 | M44: 2 | N44: 9 | O44: 7 | P44: 0 | Q44: =SUM(L44:P44) -> 18 | R44: 29 | S44: 8 | T44: 8
A45: Tyler | B45: 45467 | C45: 80 | D45: 8 | E45: Vin | F45: =C45-D45 -> 72 | G45: Bethpage Blue | H45: White | I45: 6638 | J45: 42 | K45: 38 | L45: 0 | M45: 0 | N45: 11 | O45: 6 | P45: 1 | Q45: =SUM(L45:P45) -> 18 | R45: 33 | S45: 6 | T45: 9
A46: Tyler | B46: 45466 | C46: 81 | D46: 11 | E46: Vin | F46: =C46-D46 -> 70 | G46: Bethpage Red | H46: White | I46: 6555 | J46: 42 | K46: 39 | L46: 0 | M46: 0 | N46: 8 | O46: 9 | P46: 1 | Q46: =SUM(L46:P46) -> 18 | R46: 30 | S46: 7 | T46: 4
... A48: Rich | B48: 45465 | C48: 99 | D48: 27 | E48: Tyler | F48: =C48-D48 -> 72 | G48: Wind Watch Hamlet Course | H48: Blue | I48: 6686 | J48: 48 | K48: 51 | L48: 0 | M48: 0 | N48: 1 | O48: 9 | P48: 8 | Q48: =SUM(L48:P48) -> 18 | R48: 34 | S48: 0 | T48: 1
A49: Tyler | B49: 45457 | C49: 44 | D49: 8 | E49: Chris, Kevin | F49: =C49-D49 -> 36 | G49: Spring Lake Sandpiper Course | H49: Blue | I49: 2896 | J49: 44 | L49: 0 | M49: 0 | N49: 2 | O49: 6 | P49: 1 | Q49: =SUM(L49:P49) -> 9 | R49: 16 | S49: 5 | T49: 1
A50: Tyler | B50: 45454 | C50: 47 | D50: 11 | E50: Rich | F50: =C50-D50 -> 36 | G50: Bethpage Blue | H50: Blue | I50: 6638 | J50: 47 | L50: 0 | M50: 0 | N50: 0 | O50: 7 | P50: 2 | Q50: =SUM(L50:P50) -> 9 | R50: 14 | S50: 1 | T50: 0
A51: Tyler | B51: 45453 | C51: 95 | D51: 24 | E51: Ryan | F51: =C51-D51 -> 71 | G51: Willow Creek Hamlet Course | H51: Blue | I51: 6311 | J51: 49 | K51: 46 | L51: 0 | M51: 0 | N51: 3 | O51: 7 | P51: 8 | Q51: =SUM(L51:P51) -> 18 | R51: 35 | S51: 5 | T51: 3
A52: Ryan | B52: 45453 | C52: 109 | D52: 38 | E52: Tyler | F52: =C52-D52 -> 71 | G52: Willow Creek Hamlet Course | H52: Blue | I52: 6311 | J52: 54 | K52: 55 | L52: 0 | M52: 0 | N52: 0 | O52: 6 | P52: 12 | Q52: =SUM(L52:P52) -> 18 | R52: 35 | S52: 0 | T52: 1
A53: Tyler | B53: 45443 | C53: 88 | D53: 17 | E53: Vin | F53: =C53-D53 -> 71 | G53: Bethpage Green | H53: Blue | I53: 6378 | J53: 49 | K53: 39 | L53: 0 | M53: 1 | N53: 4 | O53: 9 | P53: 4 | Q53: =SUM(L53:P53) -> 18 | R53: 35 | S53: 4 | T53: 6
A54: Tyler | B54: 45440 | C54: 88 | D54: 17 | E54: Vin | F54: =C54-D54 -> 71 | G54: Bethpage Yellow | H54: Blue | I54: 6288 | J54: 45 | K54: 43 | L54: 0 | M54: 0 | N54: 6 | O54: 7 | P54: 5 | Q54: =SUM(L54:P54) -> 18 | R54: 33 | S54: 8 | T54: 2
A55: Tyler | B55: 45434 | C55: 89 | D55: 18 | E55: Vin | F55: =C55-D55 -> 71 | G55: Bethpage Yellow | H55: Blue | I55: 6288 | J55: 48 | K55: 41 | L55: 0 | M55: 0 | N55: 5 | O55: 9 | P55: 4 | Q55: =SUM(L55:P55) -> 18 | R55: 38 | S55: 3 | T55: 6
A56: Tyler | B56: 45172 | C56: 87 | D56: 16 | E56: Rich | F56: =C56-D56 -> 71 | G56: Bethpage Green | H56: Blue | I56: 6378 | J56: 46 | K56: 41 | L56: 0 | M56: 1 | N56: 3 | O56: 11 | P56: 3 | Q56: =SUM(L56:P56) -> 18 | R56: 37 | S56: 8 | T56: 6
A57: Rich | B57: 45172 | C57: 82 | D57: 11 | E57: Tyler | F57: =C57-D57 -> 71 | G57: Bethpage Green | H57: Blue | I57: 6378 | J57: 43 | K57: 39 | L57: 0 | M57: 1 | N57: 7 | O57: 8 | P57: 2 | Q57: =SUM(L57:P57) -> 18 | R57: 32 | S57: 5 | T57: 5
A58: Tyler | B58: 45156 | C58: 91 | D58: 20 | E58: Rich, Ryan | F58: =C58-D58 -> 71 | G58: Middle Island Country Club | H58: White | I58: 7025 | J58: 46 | K58: 45 | L58: 0 | M58: 0 | N58: 5 | O58: 8 | P58: 5 | Q58: =SUM(L58:P58) -> 18 | R58: 35 | S58: 6 | T58: 4
A59: Rich | B59: 45156 | C59: 89 | D59: 18 | E59: Ryan, Tyler | F59: =C59-D59 -> 71 | G59: Middle Island Country Club | H59: White | I59: 7025 | J59: 43 | K59: 46 | L59: 0 | M59: 0 | N59: 4 | O59: 10 | P59: 4 | Q59: =SUM(L59:P59) -> 18 | R59: 31
A60: Tyler | B60: 45144 | C60: 99 | D60: 28 | E60: Vin | F60: =C60-D60 -> 71 | G60: Bethpage Black | H60: White | I60: 6707 | J60: 52 | K60: 47 | L60: 0 | M60: 0 | N60: 1 | O60: 9 | P60: 8 | Q60: =SUM(L60:P60) -> 18 | R60: 32 | S60: 8 | T60: 1
A61: Tyler | B61: 45143 | C61: 88 | D61: 17 | E61: Rich | F61: =C61-D61 -> 71 | G61: Bethpage Yellow | H61: Blue | I61: 6288 | J61: 47 | K61: 41 | L61: 0 | M61: 0 | N61: 4 | O61: 11 | P61: 3 | Q61: =SUM(L61:P61) -> 18 | R61: 39 | S61: 6 | T61: 5
A62: Tyler | B62: 45137 | C62: 87 | D62: 16 | E62: Vin | F62: =C62-D62 -> 71 | G62: Bethpage Yellow | H62: Blue | I62: 6288 | J62: 44 | K62: 43 | L62: 0 | M62: 2 | N62: 3 | O62: 8 | P62: 5 | Q62: =SUM(L62:P62) -> 18 | R62: 34 | S62: 4 | T62: 4
A63: Tyler | B63: 45136 | C63: 90 | D63: 18 | E63: Rich | F63: =C63-D63 -> 72 | G63: Bethpage Blue | H63: Blue | I63: 6638 | J63: 45 | K63: 45 | L63: 0 | M63: 1 | N63: 3 | O63: 9 | P63: 5 | Q63: =SUM(L63:P63) -> 18 | R63: 31 | S63: 7 | T63: 3
A64: Tyler | B64: 45114 | C64: 90 | D64: 18 | E64: Rich | F64: =C64-D64 -> 72 | G64: Bethpage Blue | H64: Blue | I64: 6638 | J64: 45 | K64: 45 | L64: 0 | M64: 0 | N64: 6 | O64: 6 | P64: 6 | Q64: =SUM(L64:P64) -> 18 | R64: 32 | S64: 3 | T64: 5
A65: Tyler | B65: 45084 | C65: 91 | D65: 19 | E65: Vin | F65: =C65-D65 -> 72 | G65: Bethpage Blue | H65: Blue | I65: 6638 | J65: 48 | K65: 43 | L65: 0 | M65: 0 | N65: 3 | O65: 11 | P65: 4 | Q65: =SUM(L65:P65) -> 18 | R65: 35 | S65: 6 | T65: 2
A66: Tyler | B66: 45053 | C66: 92 | D66: 21 | E66: Vin | F66: =C66-D66 -> 71 | G66: Bethpage Green | H66: Blue | I66: 6378 | J66: 43 | K66: 49 | L66: 0 | M66: 0 | N66: 4 | O66: 9 | P66: 5 | Q66: =SUM(L66:P66) -> 18 | R66: 37 | S66: 7 | T66: 4
A67: Tyler | B67: 45053 | C67: 94 | D67: 23 | E67: Vin | F67: =C67-D67 -> 71 | G67: Bethpage Yellow | H67: Blue | I67: 6288 | J67: 49 | K67: 45 | L67: 0 | M67: 0 | N67: 4 | O67: 9 | P67: 5 | Q67: =SUM(L67:P67) -> 18 | R67: 33 | S67: 6 | T67: 2
A68: Tyler | B68: 45050 | C68: 89 | D68: 18 | E68: Rich | F68: =C68-D68 -> 71 | G68: Bethpage Green | H68: Blue | I68: 6378 | J68: 48 | K68: 41 | L68: 0 | M68: 0 | N68: 5 | O68: 9 | P68: 4 | Q68: =SUM(L68:P68) -> 18 | R68: 35 | S68: 7 | T68: 4
A69: Tyler | B69: 45048 | C69: 94 | D69: 22 | E69: Vin | F69: =C69-D69 -> 72 | G69: Bethpage Blue | H69: Blue | I69: 6638 | J69: 45 | K69: 49 | L69: 0 | M69: 0 | N69: 5 | O69: 5 | P69: 8 | Q69: =SUM(L69:P69) -> 18 | R69: 36 | S69: 9 | T69: 3
A70: Rich | B70: 45136 | C70: 87 | D70: 15 | E70: Tyler | F70: =C70-D70 -> 72 | G70: Bethpage Blue | H70: Blue | I70: 6638 | J70: 43 | K70: 44 | L70: 0 | M70: 0 | N70: 8 | O70: 5 | P70: 5 | Q70: =SUM(L70:P70) -> 18 | R70: 34 | S70: 4 | T70: 6
A71: Rich | B71: 45143 | C71: 84 | D71: 13 | E71: Tyler | F71: =C71-D71 -> 71 | G71: Bethpage Yellow | H71: Blue | I71: 6288 | J71: 40 | K71: 44 | L71: 0 | M71: 0 | N71: 7 | O71: 8 | P71: 3 | Q71: =SUM(L71:P71) -> 18 | R71: 38 | S71: 8 | T71: 4
... A73: Tyler | B73: 46164 | C73: 89 | D73: 17 | E73: Chris | F73: =C73-D73 -> 72 | G73: Brentwood Country Club | H73: White | I73: 5835 | J73: 44 | K73: 45 | L73: 0 | M73: 0 | N73: 6 | O73: 7 | P73: 5 | Q73: =SUM(L73:P73) -> 18 | R73: 31 | S73: 9 | T73: 2
A74: Ryan | B74: 46185 | C74: 104 | D74: 32 | F74: =C74-D74 -> 72 | G74: Swan Lake | H74: White | I74: 6372 | J74: 55 | K74: 49 | L74: 0 | M74: 0 | N74: 2 | O74: 6 | P74: 10 | Q74: =SUM(L74:P74) -> 18 | R74: 41 | S74: 4 | T74: 4

Sheet Handicap
A1: Golfer | B1: Date | C1: Course | D1: Tees | E1: Score | F1: Rating | G1: Slope | H1: Differential
A2: Tyler | B2: 45475 | C2: Bethpage Blue | D2: Blue | E2: 77 | F2: {=INDEX(CourseRatings[Rating], MATCH(1, (CourseRatings[Course]=C2)*(CourseRatings[Tees]=D2), 0))} -> 72.3 | G2: {=INDEX(CourseRatings[Slope], MATCH(1, (CourseRatings[Course]=C2)*(CourseRatings[Tees]=D2), 0))} -> 130 | H2: =(E2-F2)*113/G2 -> 4.0853846
A3: Tyler | B3: 45480 | C3: Bethpage Red | D3: Blue | E3: 80 | F3: {=INDEX(CourseRatings[Rating], MATCH(1, (CourseRatings[Course]=C3)*(CourseRatings[Tees]=D3), 0))} -> 74.4 | G3: {=INDEX(CourseRatings[Slope], MATCH(1, (CourseRatings[Course]=C3)*(CourseRatings[Tees]=D3), 0))} -> 133 | H3: =(E3-F3)*113/G3 -> 4.7578947
A4: Tyler | B4: 45831 | C4: Bethpage Blue | D4: Blue | E4: 78 | F4: {=INDEX(CourseRatings[Rating], MATCH(1, (CourseRatings[Course]=C4)*(CourseRatings[Tees]=D4), 0))} -> 72.3 | G4: {=INDEX(CourseRatings[Slope], MATCH(1, (CourseRatings[Course]=C4)*(CourseRatings[Tees]=D4), 0))} -> 130 | H4: =(E4-F4)*113/G4 -> 4.9546154
A5: Tyler | B5: 45857 | C5: Bethpage Green | D5: White | E5: 75 | F5: {=INDEX(CourseRatings[Rating], MATCH(1, (CourseRatings[Course]=C5)*(CourseRatings[Tees]=D5), 0))} -> 69.4 | G5: {=INDEX(CourseRatings[Slope], MATCH(1, (CourseRatings[Course]=C5)*(CourseRatings[Tees]=D5), 0))} -> 125 | H5: =(E5-F5)*113/G5 -> 5.0624
A6: Tyler | B6: 45868 | C6: Bethpage Red | D6: Blue | E6: 81 | F6: {=INDEX(CourseRatings[Rating], MATCH(1, (CourseRatings[Course]=C6)*(CourseRatings[Tees]=D6), 0))} -> 74.4 | G6: {=INDEX(CourseRatings[Slope], MATCH(1, (CourseRatings[Course]=C6)*(CourseRatings[Tees]=D6), 0))} -> 133 | H6: =(E6-F6)*113/G6 -> 5.6075188
A7: Tyler | B7: 45735 | C7: Bethpage Green | D7: White | E7: 76 | F7: {=INDEX(CourseRatings[Rating], MATCH(1, (CourseRatings[Course]=C7)*(CourseRatings[Tees]=D7), 0))} -> 69.4 | G7: {=INDEX(CourseRatings[Slope], MATCH(1, (CourseRatings[Course]=C7)*(CourseRatings[Tees]=D7), 0))} -> 125 | H7: =(E7-F7)*113/G7 -> 5.9664
A8: Tyler | B8: 45487 | C8: Bethpage Green | D8: Blue | E8: 78 | F8: {=INDEX(CourseRatings[Rating], MATCH(1, (CourseRatings[Course]=C8)*(CourseRatings[Tees]=D8), 0))} -> 70.2 | G8: {=INDEX(CourseRatings[Slope], MATCH(1, (CourseRatings[Course]=C8)*(CourseRatings[Tees]=D8), 0))} -> 129 | H8: =(E8-F8)*113/G8 -> 6.8325581
A9: Tyler | B9: 45467 | C9: Bethpage Blue | D9: White | E9: 80 | F9: {=INDEX(CourseRatings[Rating], MATCH(1, (CourseRatings[Course]=C9)*(CourseRatings[Tees]=D9), 0))} -> 71.3 | G9: {=INDEX(CourseRatings[Slope], MATCH(1, (CourseRatings[Course]=C9)*(CourseRatings[Tees]=D9), 0))} -> 127 | H9: =(E9-F9)*113/G9 -> 7.7409449
A10: Tyler | B10: 45829 | C10: Brentwood Country Club | D10: White | E10: 76 | F10: {=INDEX(CourseRatings[Rating], MATCH(1, (CourseRatings[Course]=C10)*(CourseRatings[Tees]=D10), 0))} -> 67.5 | G10: {=INDEX(CourseRatings[Slope], MATCH(1, (CourseRatings[Course]=C10)*(CourseRatings[Tees]=D10), 0))} -> 121 | H10: =(E10-F10)*113/G10 -> 7.9380165
A11: Tyler | B11: 45466 | C11: Bethpage Red | D11: White | E11: 81 | F11: {=INDEX(CourseRatings[Rating], MATCH(1, (CourseRatings[Course]=C11)*(CourseRatings[Tees]=D11), 0))} -> 71.9 | G11: {=INDEX(CourseRatings[Slope], MATCH(1, (CourseRatings[Course]=C11)*(CourseRatings[Tees]=D11), 0))} -> 127 | H11: =(E11-F11)*113/G11 -> 8.0968504
A12: Tyler | B12: 46160 | C12: Bethpage Blue | D12: Blue | E12: 82 | F12: {=INDEX(CourseRatings[Rating], MATCH(1, (CourseRatings[Course]=C12)*(CourseRatings[Tees]=D12), 0))} -> 72.3 | G12: {=INDEX(CourseRatings[Slope], MATCH(1, (CourseRatings[Course]=C12)*(CourseRatings[Tees]=D12), 0))} -> 130 | H12: =(E12-F12)*113/G12 -> 8.4315385
A13: Tyler | B13: 45496 | C13: Brentwood Country Club | D13: Blue | E13: 79 | F13: {=INDEX(CourseRatings[Rating], MATCH(1, (CourseRatings[Course]=C13)*(CourseRatings[Tees]=D13), 0))} -> 69.6 | G13: {=INDEX(CourseRatings[Slope], MATCH(1, (CourseRatings[Course]=C13)*(CourseRatings[Tees]=D13), 0))} -> 125 | H13: =(E13-F13)*113/G13 -> 8.4976
... A72: Ryan | B72: 46185 | C72: Swan Lake | D72: White | E72: 104 | F72: {=INDEX(CourseRatings[Rating], MATCH(1, (CourseRatings[Course]=C72)*(CourseRatings[Tees]=D72), 0))} -> 70.7 | G72: {=INDEX(CourseRatings[Slope], MATCH(1, (CourseRatings[Course]=C72)*(CourseRatings[Tees]=D72), 0))} -> 122 | H72: =(E72-F72)*113/G72 -> 30.843443
A75: Golfer | B75: Date | C75: Course | D75: Tees | E75: Score | F75: Rating | G75: Slope | H75: Differential
A76: Tyler | B76: 45457 | C76: Spring Lake Sandpiper Course | D76: Blue | E76: 44 | F76: {=INDEX(CourseRatings[Rating], MATCH(1, (CourseRatings[Course]=C76)*(CourseRatings[Tees]=D76), 0))} -> 33.9 | G76: {=INDEX(CourseRatings[Slope], MATCH(1, (CourseRatings[Course]=C76)*(CourseRatings[Tees]=D76), 0))} -> 122 | H76: =(E76-F76)*113/G76 -> 9.354918
A77: Tyler | B77: 45454 | C77: Bethpage Blue | D77: Blue | E77: 47 | F77: {=INDEX(CourseRatings[Rating], MATCH(1, (CourseRatings[Course]=C77)*(CourseRatings[Tees]=D77), 0))} -> 72.3 | G77: {=INDEX(CourseRatings[Slope], MATCH(1, (CourseRatings[Course]=C77)*(CourseRatings[Tees]=D77), 0))} -> 130 | H77: =(E77-F77)*113/G77 -> -21.991538

Sheet Hole Log
A1: Golfer | B1: Date | C1: Course | D1: Short Course | E1: Tees | F1: Score | G1: Holes | H1: Hole | I1: Yardage | J1: Handicap | K1: Par | L1: Hole Score | M1: Score vs Par | N1: Type | O1: Putts | P1: Fairways | Q1: GIR
A2: Tyler | B2: 45735 | C2: Bethpage Green | D2: Bethpage Green | E2: White | F2: 76 | G2: Hole 1 | H2: =VALUE(RIGHT(G2, LEN(G2) - 5)) -> 1 | I2: {=IFERROR(INDEX(CourseYardages[[Hole 1]:[Hole 18]], MATCH(1, (CourseYardages[Course]=C2)*(CourseYardages[Tees]=E2), 0), MATCH(G2, CourseYardages[[#Headers],[Hole 1]:[Hole 18]], 0) ),"")} -> 345 | J2: {=IFERROR(INDEX(CourseHandicap[[Hole 1]:[Hole 18]], MATCH(1, (CourseHandicap[Course]=C2)*(CourseHandicap[Tees]=E2), 0), MATCH(G2, CourseHandicap[[#Headers],[Hole 1]:[Hole 18]], 0) ),"")} -> 15 | K2: {=IFERROR(INDEX(CourseRatings[[Hole 1]:[Hole 18]], MATCH(1, (CourseRatings[Course]=C2)*(CourseRatings[Tees]=E2), 0), MATCH(G2, CourseRatings[[#Headers],[Hole 1]:[Hole 18]], 0) ),"")} -> 4 | L2: {=IFERROR( INDEX('Golf Log'!$E$2:$V$72, MATCH(1, ('Golf Log'!$A$2:$A$72=$A2)* ('Golf Log'!$B$2:$B$72=$B2)* ('Golf Log'!$C$2:$C$72=$C2), 0), MATCH($G2,'Golf Log'!$E$1:$V$1,0) ), "")} -> 4 | M2: =IFERROR(L2-K2,"") -> 0 | N2: =IF(M2="","",(IF(M2=-2,"Eagle",IF(M2=-1,"Birdie",IF(M2=0,"Par",IF(M2=1,"Bogey",IF(M2=2,"Double Bogey",IF(M2=3,"Triple Bogey",IF(M2>3,"Quad Bogey+"))))))))) -> Par | O2: {=IFERROR( INDEX('Putt Log'!$E$2:$V$72, MATCH(1, ('Putt Log'!$A$2:$A$72=$A2)* ('Putt Log'!$B$2:$B$72=$B2)* ('Putt Log'!$C$2:$C$72=$C2), 0), MATCH($G2,'Putt Log'!$E$1:$V$1,0) ), "")} -> 1 | P2: {=IF(K2=3,"", IFERROR( INDEX('Fairway Log'!$E$2:$V$72, MATCH(1, ('Fairway Log'!$A$2:$A$72=$A2)* ('Fairway Log'!$B$2:$B$72=$B2)* ('Fairway Log'!$C$2:$C72=$C2), 0), MATCH($G2,'Fairway Log'!$E$1:$V$1,0) ), "") )} -> 1 | Q2: {=IFERROR( INDEX('GIR Log'!$E$2:$V$72, MATCH(1, ('GIR Log'!$A$2:$A$72=$A2)* ('GIR Log'!$B$2:$B$72=$B2)* ('GIR Log'!$C$2:$C$72=$C2), 0), MATCH($G2,'GIR Log'!$E$1:$V$1,0) ), "")} -> ←
A3: Tyler | B3: 45735 | C3: Bethpage Green | D3: Bethpage Green | E3: White | F3: 76 | G3: Hole 2 | H3: =VALUE(RIGHT(G3, LEN(G3) - 5)) -> 2 | I3: {=IFERROR(INDEX(CourseYardages[[Hole 1]:[Hole 18]], MATCH(1, (CourseYardages[Course]=C3)*(CourseYardages[Tees]=E3), 0), MATCH(G3, CourseYardages[[#Headers],[Hole 1]:[Hole 18]], 0) ),"")} -> 367 | J3: {=IFERROR(INDEX(CourseHandicap[[Hole 1]:[Hole 18]], MATCH(1, (CourseHandicap[Course]=C3)*(CourseHandicap[Tees]=E3), 0), MATCH(G3, CourseHandicap[[#Headers],[Hole 1]:[Hole 18]], 0) ),"")} -> 3 | K3: {=IFERROR(INDEX(CourseRatings[[Hole 1]:[Hole 18]], MATCH(1, (CourseRatings[Course]=C3)*(CourseRatings[Tees]=E3), 0), MATCH(G3, CourseRatings[[#Headers],[Hole 1]:[Hole 18]], 0) ),"")} -> 4 | L3: {=IFERROR( INDEX('Golf Log'!$E$2:$V$72, MATCH(1, ('Golf Log'!$A$2:$A$72=$A3)* ('Golf Log'!$B$2:$B$72=$B3)* ('Golf Log'!$C$2:$C$72=$C3), 0), MATCH($G3,'Golf Log'!$E$1:$V$1,0) ), "")} -> 5 | M3: =IFERROR(L3-K3,"") -> 1 | N3: =IF(M3="","",(IF(M3=-2,"Eagle",IF(M3=-1,"Birdie",IF(M3=0,"Par",IF(M3=1,"Bogey",IF(M3=2,"Double Bogey",IF(M3=3,"Triple Bogey",IF(M3>3,"Quad Bogey+"))))))))) -> Bogey | O3: {=IFERROR( INDEX('Putt Log'!$E$2:$V$72, MATCH(1, ('Putt Log'!$A$2:$A$72=$A3)* ('Putt Log'!$B$2:$B$72=$B3)* ('Putt Log'!$C$2:$C$72=$C3), 0), MATCH($G3,'Putt Log'!$E$1:$V$1,0) ), "")} -> 2 | P3: {=IF(K3=3,"", IFERROR( INDEX('Fairway Log'!$E$2:$V$72, MATCH(1, ('Fairway Log'!$A$2:$A$72=$A3)* ('Fairway Log'!$B$2:$B$72=$B3)* ('Fairway Log'!$C$2:$C72=$C3), 0), MATCH($G3,'Fairway Log'!$E$1:$V$1,0) ), "") )} -> → | Q3: {=IFERROR( INDEX('GIR Log'!$E$2:$V$72, MATCH(1, ('GIR Log'!$A$2:$A$72=$A3)* ('GIR Log'!$B$2:$B$72=$B3)* ('GIR Log'!$C$2:$C$72=$C3), 0), MATCH($G3,'GIR Log'!$E$1:$V$1,0) ), "")} -> ↓
A4: Tyler | B4: 45735 | C4: Bethpage Green | D4: Bethpage Green | E4: White | F4: 76 | G4: Hole 3 | H4: =VALUE(RIGHT(G4, LEN(G4) - 5)) -> 3 | I4: {=IFERROR(INDEX(CourseYardages[[Hole 1]:[Hole 18]], MATCH(1, (CourseYardages[Course]=C4)*(CourseYardages[Tees]=E4), 0), MATCH(G4, CourseYardages[[#Headers],[Hole 1]:[Hole 18]], 0) ),"")} -> 133 | J4: {=IFERROR(INDEX(CourseHandicap[[Hole 1]:[Hole 18]], MATCH(1, (CourseHandicap[Course]=C4)*(CourseHandicap[Tees]=E4), 0), MATCH(G4, CourseHandicap[[#Headers],[Hole 1]:[Hole 18]], 0) ),"")} -> 17 | K4: {=IFERROR(INDEX(CourseRatings[[Hole 1]:[Hole 18]], MATCH(1, (CourseRatings[Course]=C4)*(CourseRatings[Tees]=E4), 0), MATCH(G4, CourseRatings[[#Headers],[Hole 1]:[Hole 18]], 0) ),"")} -> 3 | L4: {=IFERROR( INDEX('Golf Log'!$E$2:$V$72, MATCH(1, ('Golf Log'!$A$2:$A$72=$A4)* ('Golf Log'!$B$2:$B$72=$B4)* ('Golf Log'!$C$2:$C$72=$C4), 0), MATCH($G4,'Golf Log'!$E$1:$V$1,0) ), "")} -> 5 | M4: =IFERROR(L4-K4,"") -> 2 | N4: =IF(M4="","",(IF(M4=-2,"Eagle",IF(M4=-1,"Birdie",IF(M4=0,"Par",IF(M4=1,"Bogey",IF(M4=2,"Double Bogey",IF(M4=3,"Triple Bogey",IF(M4>3,"Quad Bogey+"))))))))) -> Double Bogey | O4: {=IFERROR( INDEX('Putt Log'!$E$2:$V$72, MATCH(1, ('Putt Log'!$A$2:$A$72=$A4)* ('Putt Log'!$B$2:$B$72=$B4)* ('Putt Log'!$C$2:$C$72=$C4), 0), MATCH($G4,'Putt Log'!$E$1:$V$1,0) ), "")} -> 2 | P4: {=IF(K4=3,"", IFERROR( INDEX('Fairway Log'!$E$2:$V$72, MATCH(1, ('Fairway Log'!$A$2:$A$72=$A4)* ('Fairway Log'!$B$2:$B$72=$B4)* ('Fairway Log'!$C$2:$C75=$C4), 0), MATCH($G4,'Fairway Log'!$E$1:$V$1,0) ), "") )} | Q4: {=IFERROR( INDEX('GIR Log'!$E$2:$V$72, MATCH(1, ('GIR Log'!$A$2:$A$72=$A4)* ('GIR Log'!$B$2:$B$72=$B4)* ('GIR Log'!$C$2:$C$72=$C4), 0), MATCH($G4,'GIR Log'!$E$1:$V$1,0) ), "")} -> ←
A5: Tyler | B5: 45735 | C5: Bethpage Green | D5: Bethpage Green | E5: White | F5: 76 | G5: Hole 4 | H5: =VALUE(RIGHT(G5, LEN(G5) - 5)) -> 4 | I5: {=IFERROR(INDEX(CourseYardages[[Hole 1]:[Hole 18]], MATCH(1, (CourseYardages[Course]=C5)*(CourseYardages[Tees]=E5), 0), MATCH(G5, CourseYardages[[#Headers],[Hole 1]:[Hole 18]], 0) ),"")} -> 344 | J5: {=IFERROR(INDEX(CourseHandicap[[Hole 1]:[Hole 18]], MATCH(1, (CourseHandicap[Course]=C5)*(CourseHandicap[Tees]=E5), 0), MATCH(G5, CourseHandicap[[#Headers],[Hole 1]:[Hole 18]], 0) ),"")} -> 11 | K5: {=IFERROR(INDEX(CourseRatings[[Hole 1]:[Hole 18]], MATCH(1, (CourseRatings[Course]=C5)*(CourseRatings[Tees]=E5), 0), MATCH(G5, CourseRatings[[#Headers],[Hole 1]:[Hole 18]], 0) ),"")} -> 4 | L5: {=IFERROR( INDEX('Golf Log'!$E$2:$V$72, MATCH(1, ('Golf Log'!$A$2:$A$72=$A5)* ('Golf Log'!$B$2:$B$72=$B5)* ('Golf Log'!$C$2:$C$72=$C5), 0), MATCH($G5,'Golf Log'!$E$1:$V$1,0) ), "")} -> 4 | M5: =IFERROR(L5-K5,"") -> 0 | N5: =IF(M5="","",(IF(M5=-2,"Eagle",IF(M5=-1,"Birdie",IF(M5=0,"Par",IF(M5=1,"Bogey",IF(M5=2,"Double Bogey",IF(M5=3,"Triple Bogey",IF(M5>3,"Quad Bogey+"))))))))) -> Par | O5: {=IFERROR( INDEX('Putt Log'!$E$2:$V$72, MATCH(1, ('Putt Log'!$A$2:$A$72=$A5)* ('Putt Log'!$B$2:$B$72=$B5)* ('Putt Log'!$C$2:$C$72=$C5), 0), MATCH($G5,'Putt Log'!$E$1:$V$1,0) ), "")} -> 2 | P5: {=IF(K5=3,"", IFERROR( INDEX('Fairway Log'!$E$2:$V$72, MATCH(1, ('Fairway Log'!$A$2:$A$72=$A5)* ('Fairway Log'!$B$2:$B$72=$B5)* ('Fairway Log'!$C$2:$C76=$C5), 0), MATCH($G5,'Fairway Log'!$E$1:$V$1,0) ), "") )} -> 1 | Q5: {=IFERROR( INDEX('GIR Log'!$E$2:$V$72, MATCH(1, ('GIR Log'!$A$2:$A$72=$A5)* ('GIR Log'!$B$2:$B$72=$B5)* ('GIR Log'!$C$2:$C$72=$C5), 0), MATCH($G5,'GIR Log'!$E$1:$V$1,0) ), "")} -> 1
A6: Tyler | B6: 45735 | C6: Bethpage Green | D6: Bethpage Green | E6: White | F6: 76 | G6: Hole 5 | H6: =VALUE(RIGHT(G6, LEN(G6) - 5)) -> 5 | I6: {=IFERROR(INDEX(CourseYardages[[Hole 1]:[Hole 18]], MATCH(1, (CourseYardages[Course]=C6)*(CourseYardages[Tees]=E6), 0), MATCH(G6, CourseYardages[[#Headers],[Hole 1]:[Hole 18]], 0) ),"")} -> 387 | J6: {=IFERROR(INDEX(CourseHandicap[[Hole 1]:[Hole 18]], MATCH(1, (CourseHandicap[Course]=C6)*(CourseHandicap[Tees]=E6), 0), MATCH(G6, CourseHandicap[[#Headers],[Hole 1]:[Hole 18]], 0) ),"")} -> 7 | K6: {=IFERROR(INDEX(CourseRatings[[Hole 1]:[Hole 18]], MATCH(1, (CourseRatings[Course]=C6)*(CourseRatings[Tees]=E6), 0), MATCH(G6, CourseRatings[[#Headers],[Hole 1]:[Hole 18]], 0) ),"")} -> 4 | L6: {=IFERROR( INDEX('Golf Log'!$E$2:$V$72, MATCH(1, ('Golf Log'!$A$2:$A$72=$A6)* ('Golf Log'!$B$2:$B$72=$B6)* ('Golf Log'!$C$2:$C$72=$C6), 0), MATCH($G6,'Golf Log'!$E$1:$V$1,0) ), "")} -> 5 | M6: =IFERROR(L6-K6,"") -> 1 | N6: =IF(M6="","",(IF(M6=-2,"Eagle",IF(M6=-1,"Birdie",IF(M6=0,"Par",IF(M6=1,"Bogey",IF(M6=2,"Double Bogey",IF(M6=3,"Triple Bogey",IF(M6>3,"Quad Bogey+"))))))))) -> Bogey | O6: {=IFERROR( INDEX('Putt Log'!$E$2:$V$72, MATCH(1, ('Putt Log'!$A$2:$A$72=$A6)* ('Putt Log'!$B$2:$B$72=$B6)* ('Putt Log'!$C$2:$C$72=$C6), 0), MATCH($G6,'Putt Log'!$E$1:$V$1,0) ), "")} -> 1 | P6: {=IF(K6=3,"", IFERROR( INDEX('Fairway Log'!$E$2:$V$72, MATCH(1, ('Fairway Log'!$A$2:$A$72=$A6)* ('Fairway Log'!$B$2:$B$72=$B6)* ('Fairway Log'!$C$2:$C77=$C6), 0), MATCH($G6,'Fairway Log'!$E$1:$V$1,0) ), "") )} -> ← | Q6: {=IFERROR( INDEX('GIR Log'!$E$2:$V$72, MATCH(1, ('GIR Log'!$A$2:$A$72=$A6)* ('GIR Log'!$B$2:$B$72=$B6)* ('GIR Log'!$C$2:$C$72=$C6), 0), MATCH($G6,'GIR Log'!$E$1:$V$1,0) ), "")} -> ←
A7: Tyler | B7: 45735 | C7: Bethpage Green | D7: Bethpage Green | E7: White | F7: 76 | G7: Hole 6 | H7: =VALUE(RIGHT(G7, LEN(G7) - 5)) -> 6 | I7: {=IFERROR(INDEX(CourseYardages[[Hole 1]:[Hole 18]], MATCH(1, (CourseYardages[Course]=C7)*(CourseYardages[Tees]=E7), 0), MATCH(G7, CourseYardages[[#Headers],[Hole 1]:[Hole 18]], 0) ),"")} -> 178 | J7: {=IFERROR(INDEX(CourseHandicap[[Hole 1]:[Hole 18]], MATCH(1, (CourseHandicap[Course]=C7)*(CourseHandicap[Tees]=E7), 0), MATCH(G7, CourseHandicap[[#Headers],[Hole 1]:[Hole 18]], 0) ),"")} -> 5 | K7: {=IFERROR(INDEX(CourseRatings[[Hole 1]:[Hole 18]], MATCH(1, (CourseRatings[Course]=C7)*(CourseRatings[Tees]=E7), 0), MATCH(G7, CourseRatings[[#Headers],[Hole 1]:[Hole 18]], 0) ),"")} -> 3 | L7: {=IFERROR( INDEX('Golf Log'!$E$2:$V$72, MATCH(1, ('Golf Log'!$A$2:$A$72=$A7)* ('Golf Log'!$B$2:$B$72=$B7)* ('Golf Log'!$C$2:$C$72=$C7), 0), MATCH($G7,'Golf Log'!$E$1:$V$1,0) ), "")} -> 3 | M7: =IFERROR(L7-K7,"") -> 0 | N7: =IF(M7="","",(IF(M7=-2,"Eagle",IF(M7=-1,"Birdie",IF(M7=0,"Par",IF(M7=1,"Bogey",IF(M7=2,"Double Bogey",IF(M7=3,"Triple Bogey",IF(M7>3,"Quad Bogey+"))))))))) -> Par | O7: {=IFERROR( INDEX('Putt Log'!$E$2:$V$72, MATCH(1, ('Putt Log'!$A$2:$A$72=$A7)* ('Putt Log'!$B$2:$B$72=$B7)* ('Putt Log'!$C$2:$C$72=$C7), 0), MATCH($G7,'Putt Log'!$E$1:$V$1,0) ), "")} -> 2 | P7: {=IF(K7=3,"", IFERROR( INDEX('Fairway Log'!$E$2:$V$72, MATCH(1, ('Fairway Log'!$A$2:$A$72=$A7)* ('Fairway Log'!$B$2:$B$72=$B7)* ('Fairway Log'!$C$2:$C78=$C7), 0), MATCH($G7,'Fairway Log'!$E$1:$V$1,0) ), "") )} | Q7: {=IFERROR( INDEX('GIR Log'!$E$2:$V$72, MATCH(1, ('GIR Log'!$A$2:$A$72=$A7)* ('GIR Log'!$B$2:$B$72=$B7)* ('GIR Log'!$C$2:$C$72=$C7), 0), MATCH($G7,'GIR Log'!$E$1:$V$1,0) ), "")} -> 1
A8: Tyler | B8: 45735 | C8: Bethpage Green | D8: Bethpage Green | E8: White | F8: 76 | G8: Hole 7 | H8: =VALUE(RIGHT(G8, LEN(G8) - 5)) -> 7 | I8: {=IFERROR(INDEX(CourseYardages[[Hole 1]:[Hole 18]], MATCH(1, (CourseYardages[Course]=C8)*(CourseYardages[Tees]=E8), 0), MATCH(G8, CourseYardages[[#Headers],[Hole 1]:[Hole 18]], 0) ),"")} -> 500 | J8: {=IFERROR(INDEX(CourseHandicap[[Hole 1]:[Hole 18]], MATCH(1, (CourseHandicap[Course]=C8)*(CourseHandicap[Tees]=E8), 0), MATCH(G8, CourseHandicap[[#Headers],[Hole 1]:[Hole 18]], 0) ),"")} -> 9 | K8: {=IFERROR(INDEX(CourseRatings[[Hole 1]:[Hole 18]], MATCH(1, (CourseRatings[Course]=C8)*(CourseRatings[Tees]=E8), 0), MATCH(G8, CourseRatings[[#Headers],[Hole 1]:[Hole 18]], 0) ),"")} -> 5 | L8: {=IFERROR( INDEX('Golf Log'!$E$2:$V$72, MATCH(1, ('Golf Log'!$A$2:$A$72=$A8)* ('Golf Log'!$B$2:$B$72=$B8)* ('Golf Log'!$C$2:$C$72=$C8), 0), MATCH($G8,'Golf Log'!$E$1:$V$1,0) ), "")} -> 6 | M8: =IFERROR(L8-K8,"") -> 1 | N8: =IF(M8="","",(IF(M8=-2,"Eagle",IF(M8=-1,"Birdie",IF(M8=0,"Par",IF(M8=1,"Bogey",IF(M8=2,"Double Bogey",IF(M8=3,"Triple Bogey",IF(M8>3,"Quad Bogey+"))))))))) -> Bogey | O8: {=IFERROR( INDEX('Putt Log'!$E$2:$V$72, MATCH(1, ('Putt Log'!$A$2:$A$72=$A8)* ('Putt Log'!$B$2:$B$72=$B8)* ('Putt Log'!$C$2:$C$72=$C8), 0), MATCH($G8,'Putt Log'!$E$1:$V$1,0) ), "")} -> 2 | P8: {=IF(K8=3,"", IFERROR( INDEX('Fairway Log'!$E$2:$V$72, MATCH(1, ('Fairway Log'!$A$2:$A$72=$A8)* ('Fairway Log'!$B$2:$B$72=$B8)* ('Fairway Log'!$C$2:$C79=$C8), 0), MATCH($G8,'Fairway Log'!$E$1:$V$1,0) ), "") )} -> ← | Q8: {=IFERROR( INDEX('GIR Log'!$E$2:$V$72, MATCH(1, ('GIR Log'!$A$2:$A$72=$A8)* ('GIR Log'!$B$2:$B$72=$B8)* ('GIR Log'!$C$2:$C$72=$C8), 0), MATCH($G8,'GIR Log'!$E$1:$V$1,0) ), "")} -> ↓
A9: Tyler | B9: 45735 | C9: Bethpage Green | D9: Bethpage Green | E9: White | F9: 76 | G9: Hole 8 | H9: =VALUE(RIGHT(G9, LEN(G9) - 5)) -> 8 | I9: {=IFERROR(INDEX(CourseYardages[[Hole 1]:[Hole 18]], MATCH(1, (CourseYardages[Course]=C9)*(CourseYardages[Tees]=E9), 0), MATCH(G9, CourseYardages[[#Headers],[Hole 1]:[Hole 18]], 0) ),"")} -> 337 | J9: {=IFERROR(INDEX(CourseHandicap[[Hole 1]:[Hole 18]], MATCH(1, (CourseHandicap[Course]=C9)*(CourseHandicap[Tees]=E9), 0), MATCH(G9, CourseHandicap[[#Headers],[Hole 1]:[Hole 18]], 0) ),"")} -> 13 | K9: {=IFERROR(INDEX(CourseRatings[[Hole 1]:[Hole 18]], MATCH(1, (CourseRatings[Course]=C9)*(CourseRatings[Tees]=E9), 0), MATCH(G9, CourseRatings[[#Headers],[Hole 1]:[Hole 18]], 0) ),"")} -> 4 | L9: {=IFERROR( INDEX('Golf Log'!$E$2:$V$72, MATCH(1, ('Golf Log'!$A$2:$A$72=$A9)* ('Golf Log'!$B$2:$B$72=$B9)* ('Golf Log'!$C$2:$C$72=$C9), 0), MATCH($G9,'Golf Log'!$E$1:$V$1,0) ), "")} -> 3 | M9: =IFERROR(L9-K9,"") -> -1 | N9: =IF(M9="","",(IF(M9=-2,"Eagle",IF(M9=-1,"Birdie",IF(M9=0,"Par",IF(M9=1,"Bogey",IF(M9=2,"Double Bogey",IF(M9=3,"Triple Bogey",IF(M9>3,"Quad Bogey+"))))))))) -> Birdie | O9: {=IFERROR( INDEX('Putt Log'!$E$2:$V$72, MATCH(1, ('Putt Log'!$A$2:$A$72=$A9)* ('Putt Log'!$B$2:$B$72=$B9)* ('Putt Log'!$C$2:$C$72=$C9), 0), MATCH($G9,'Putt Log'!$E$1:$V$1,0) ), "")} -> 1 | P9: {=IF(K9=3,"", IFERROR( INDEX('Fairway Log'!$E$2:$V$72, MATCH(1, ('Fairway Log'!$A$2:$A$72=$A9)* ('Fairway Log'!$B$2:$B$72=$B9)* ('Fairway Log'!$C$2:$C80=$C9), 0), MATCH($G9,'Fairway Log'!$E$1:$V$1,0) ), "") )} -> 1 | Q9: {=IFERROR( INDEX('GIR Log'!$E$2:$V$72, MATCH(1, ('GIR Log'!$A$2:$A$72=$A9)* ('GIR Log'!$B$2:$B$72=$B9)* ('GIR Log'!$C$2:$C$72=$C9), 0), MATCH($G9,'GIR Log'!$E$1:$V$1,0) ), "")} -> 1
A10: Tyler | B10: 45735 | C10: Bethpage Green | D10: Bethpage Green | E10: White | F10: 76 | G10: Hole 9 | H10: =VALUE(RIGHT(G10, LEN(G10) - 5)) -> 9 | I10: {=IFERROR(INDEX(CourseYardages[[Hole 1]:[Hole 18]], MATCH(1, (CourseYardages[Course]=C10)*(CourseYardages[Tees]=E10), 0), MATCH(G10, CourseYardages[[#Headers],[Hole 1]:[Hole 18]], 0) ),"")} -> 532 | J10: {=IFERROR(INDEX(CourseHandicap[[Hole 1]:[Hole 18]], MATCH(1, (CourseHandicap[Course]=C10)*(CourseHandicap[Tees]=E10), 0), MATCH(G10, CourseHandicap[[#Headers],[Hole 1]:[Hole 18]], 0) ),"")} -> 1 | K10: {=IFERROR(INDEX(CourseRatings[[Hole 1]:[Hole 18]], MATCH(1, (CourseRatings[Course]=C10)*(CourseRatings[Tees]=E10), 0), MATCH(G10, CourseRatings[[#Headers],[Hole 1]:[Hole 18]], 0) ),"")} -> 5 | L10: {=IFERROR( INDEX('Golf Log'!$E$2:$V$72, MATCH(1, ('Golf Log'!$A$2:$A$72=$A10)* ('Golf Log'!$B$2:$B$72=$B10)* ('Golf Log'!$C$2:$C$72=$C10), 0), MATCH($G10,'Golf Log'!$E$1:$V$1,0) ), "")} -> 5 | M10: =IFERROR(L10-K10,"") -> 0 | N10: =IF(M10="","",(IF(M10=-2,"Eagle",IF(M10=-1,"Birdie",IF(M10=0,"Par",IF(M10=1,"Bogey",IF(M10=2,"Double Bogey",IF(M10=3,"Triple Bogey",IF(M10>3,"Quad Bogey+"))))))))) -> Par | O10: {=IFERROR( INDEX('Putt Log'!$E$2:$V$72, MATCH(1, ('Putt Log'!$A$2:$A$72=$A10)* ('Putt Log'!$B$2:$B$72=$B10)* ('Putt Log'!$C$2:$C$72=$C10), 0), MATCH($G10,'Putt Log'!$E$1:$V$1,0) ), "")} -> 2 | P10: {=IF(K10=3,"", IFERROR( INDEX('Fairway Log'!$E$2:$V$72, MATCH(1, ('Fairway Log'!$A$2:$A$72=$A10)* ('Fairway Log'!$B$2:$B$72=$B10)* ('Fairway Log'!$C$2:$C81=$C10), 0), MATCH($G10,'Fairway Log'!$E$1:$V$1,0) ), "") )} -> 1 | Q10: {=IFERROR( INDEX('GIR Log'!$E$2:$V$72, MATCH(1, ('GIR Log'!$A$2:$A$72=$A10)* ('GIR Log'!$B$2:$B$72=$B10)* ('GIR Log'!$C$2:$C$72=$C10), 0), MATCH($G10,'GIR Log'!$E$1:$V$1,0) ), "")} -> 1
A11: Tyler | B11: 45735 | C11: Bethpage Green | D11: Bethpage Green | E11: White | F11: 76 | G11: Hole 10 | H11: =VALUE(RIGHT(G11, LEN(G11) - 5)) -> 10 | I11: {=IFERROR(INDEX(CourseYardages[[Hole 1]:[Hole 18]], MATCH(1, (CourseYardages[Course]=C11)*(CourseYardages[Tees]=E11), 0), MATCH(G11, CourseYardages[[#Headers],[Hole 1]:[Hole 18]], 0) ),"")} -> 328 | J11: {=IFERROR(INDEX(CourseHandicap[[Hole 1]:[Hole 18]], MATCH(1, (CourseHandicap[Course]=C11)*(CourseHandicap[Tees]=E11), 0), MATCH(G11, CourseHandicap[[#Headers],[Hole 1]:[Hole 18]], 0) ),"")} -> 12 | K11: {=IFERROR(INDEX(CourseRatings[[Hole 1]:[Hole 18]], MATCH(1, (CourseRatings[Course]=C11)*(CourseRatings[Tees]=E11), 0), MATCH(G11, CourseRatings[[#Headers],[Hole 1]:[Hole 18]], 0) ),"")} -> 4 | L11: {=IFERROR( INDEX('Golf Log'!$E$2:$V$72, MATCH(1, ('Golf Log'!$A$2:$A$72=$A11)* ('Golf Log'!$B$2:$B$72=$B11)* ('Golf Log'!$C$2:$C$72=$C11), 0), MATCH($G11,'Golf Log'!$E$1:$V$1,0) ), "")} -> 4 | M11: =IFERROR(L11-K11,"") -> 0 | N11: =IF(M11="","",(IF(M11=-2,"Eagle",IF(M11=-1,"Birdie",IF(M11=0,"Par",IF(M11=1,"Bogey",IF(M11=2,"Double Bogey",IF(M11=3,"Triple Bogey",IF(M11>3,"Quad Bogey+"))))))))) -> Par | O11: {=IFERROR( INDEX('Putt Log'!$E$2:$V$72, MATCH(1, ('Putt Log'!$A$2:$A$72=$A11)* ('Putt Log'!$B$2:$B$72=$B11)* ('Putt Log'!$C$2:$C$72=$C11), 0), MATCH($G11,'Putt Log'!$E$1:$V$1,0) ), "")} -> 2 | P11: {=IF(K11=3,"", IFERROR( INDEX('Fairway Log'!$E$2:$V$72, MATCH(1, ('Fairway Log'!$A$2:$A$72=$A11)* ('Fairway Log'!$B$2:$B$72=$B11)* ('Fairway Log'!$C$2:$C82=$C11), 0), MATCH($G11,'Fairway Log'!$E$1:$V$1,0) ), "") )} -> → | Q11: {=IFERROR( INDEX('GIR Log'!$E$2:$V$72, MATCH(1, ('GIR Log'!$A$2:$A$72=$A11)* ('GIR Log'!$B$2:$B$72=$B11)* ('GIR Log'!$C$2:$C$72=$C11), 0), MATCH($G11,'GIR Log'!$E$1:$V$1,0) ), "")} -> 1
A12: Tyler | B12: 45735 | C12: Bethpage Green | D12: Bethpage Green | E12: White | F12: 76 | G12: Hole 11 | H12: =VALUE(RIGHT(G12, LEN(G12) - 5)) -> 11 | I12: {=IFERROR(INDEX(CourseYardages[[Hole 1]:[Hole 18]], MATCH(1, (CourseYardages[Course]=C12)*(CourseYardages[Tees]=E12), 0), MATCH(G12, CourseYardages[[#Headers],[Hole 1]:[Hole 18]], 0) ),"")} -> 159 | J12: {=IFERROR(INDEX(CourseHandicap[[Hole 1]:[Hole 18]], MATCH(1, (CourseHandicap[Course]=C12)*(CourseHandicap[Tees]=E12), 0), MATCH(G12, CourseHandicap[[#Headers],[Hole 1]:[Hole 18]], 0) ),"")} -> 16 | K12: {=IFERROR(INDEX(CourseRatings[[Hole 1]:[Hole 18]], MATCH(1, (CourseRatings[Course]=C12)*(CourseRatings[Tees]=E12), 0), MATCH(G12, CourseRatings[[#Headers],[Hole 1]:[Hole 18]], 0) ),"")} -> 3 | L12: {=IFERROR( INDEX('Golf Log'!$E$2:$V$72, MATCH(1, ('Golf Log'!$A$2:$A$72=$A12)* ('Golf Log'!$B$2:$B$72=$B12)* ('Golf Log'!$C$2:$C$72=$C12), 0), MATCH($G12,'Golf Log'!$E$1:$V$1,0) ), "")} -> 4 | M12: =IFERROR(L12-K12,"") -> 1 | N12: =IF(M12="","",(IF(M12=-2,"Eagle",IF(M12=-1,"Birdie",IF(M12=0,"Par",IF(M12=1,"Bogey",IF(M12=2,"Double Bogey",IF(M12=3,"Triple Bogey",IF(M12>3,"Quad Bogey+"))))))))) -> Bogey | O12: {=IFERROR( INDEX('Putt Log'!$E$2:$V$72, MATCH(1, ('Putt Log'!$A$2:$A$72=$A12)* ('Putt Log'!$B$2:$B$72=$B12)* ('Putt Log'!$C$2:$C$72=$C12), 0), MATCH($G12,'Putt Log'!$E$1:$V$1,0) ), "")} -> 2 | P12: {=IF(K12=3,"", IFERROR( INDEX('Fairway Log'!$E$2:$V$72, MATCH(1, ('Fairway Log'!$A$2:$A$72=$A12)* ('Fairway Log'!$B$2:$B$72=$B12)* ('Fairway Log'!$C$2:$C83=$C12), 0), MATCH($G12,'Fairway Log'!$E$1:$V$1,0) ), "") )} | Q12: {=IFERROR( INDEX('GIR Log'!$E$2:$V$72, MATCH(1, ('GIR Log'!$A$2:$A$72=$A12)* ('GIR Log'!$B$2:$B$72=$B12)* ('GIR Log'!$C$2:$C$72=$C12), 0), MATCH($G12,'GIR Log'!$E$1:$V$1,0) ), "")} -> →
A13: Tyler | B13: 45735 | C13: Bethpage Green | D13: Bethpage Green | E13: White | F13: 76 | G13: Hole 12 | H13: =VALUE(RIGHT(G13, LEN(G13) - 5)) -> 12 | I13: {=IFERROR(INDEX(CourseYardages[[Hole 1]:[Hole 18]], MATCH(1, (CourseYardages[Course]=C13)*(CourseYardages[Tees]=E13), 0), MATCH(G13, CourseYardages[[#Headers],[Hole 1]:[Hole 18]], 0) ),"")} -> 279 | J13: {=IFERROR(INDEX(CourseHandicap[[Hole 1]:[Hole 18]], MATCH(1, (CourseHandicap[Course]=C13)*(CourseHandicap[Tees]=E13), 0), MATCH(G13, CourseHandicap[[#Headers],[Hole 1]:[Hole 18]], 0) ),"")} -> 18 | K13: {=IFERROR(INDEX(CourseRatings[[Hole 1]:[Hole 18]], MATCH(1, (CourseRatings[Course]=C13)*(CourseRatings[Tees]=E13), 0), MATCH(G13, CourseRatings[[#Headers],[Hole 1]:[Hole 18]], 0) ),"")} -> 4 | L13: {=IFERROR( INDEX('Golf Log'!$E$2:$V$72, MATCH(1, ('Golf Log'!$A$2:$A$72=$A13)* ('Golf Log'!$B$2:$B$72=$B13)* ('Golf Log'!$C$2:$C$72=$C13), 0), MATCH($G13,'Golf Log'!$E$1:$V$1,0) ), "")} -> 4 | M13: =IFERROR(L13-K13,"") -> 0 | N13: =IF(M13="","",(IF(M13=-2,"Eagle",IF(M13=-1,"Birdie",IF(M13=0,"Par",IF(M13=1,"Bogey",IF(M13=2,"Double Bogey",IF(M13=3,"Triple Bogey",IF(M13>3,"Quad Bogey+"))))))))) -> Par | O13: {=IFERROR( INDEX('Putt Log'!$E$2:$V$72, MATCH(1, ('Putt Log'!$A$2:$A$72=$A13)* ('Putt Log'!$B$2:$B$72=$B13)* ('Putt Log'!$C$2:$C$72=$C13), 0), MATCH($G13,'Putt Log'!$E$1:$V$1,0) ), "")} -> 2 | P13: {=IF(K13=3,"", IFERROR( INDEX('Fairway Log'!$E$2:$V$72, MATCH(1, ('Fairway Log'!$A$2:$A$72=$A13)* ('Fairway Log'!$B$2:$B$72=$B13)* ('Fairway Log'!$C$2:$C84=$C13), 0), MATCH($G13,'Fairway Log'!$E$1:$V$1,0) ), "") )} -> 1 | Q13: {=IFERROR( INDEX('GIR Log'!$E$2:$V$72, MATCH(1, ('GIR Log'!$A$2:$A$72=$A13)* ('GIR Log'!$B$2:$B$72=$B13)* ('GIR Log'!$C$2:$C$72=$C13), 0), MATCH($G13,'GIR Log'!$E$1:$V$1,0) ), "")} -> 1
A14: Tyler | B14: 45735 | C14: Bethpage Green | D14: Bethpage Green | E14: White | F14: 76 | G14: Hole 13 | H14: =VALUE(RIGHT(G14, LEN(G14) - 5)) -> 13 | I14: {=IFERROR(INDEX(CourseYardages[[Hole 1]:[Hole 18]], MATCH(1, (CourseYardages[Course]=C14)*(CourseYardages[Tees]=E14), 0), MATCH(G14, CourseYardages[[#Headers],[Hole 1]:[Hole 18]], 0) ),"")} -> 553 | J14: {=IFERROR(INDEX(CourseHandicap[[Hole 1]:[Hole 18]], MATCH(1, (CourseHandicap[Course]=C14)*(CourseHandicap[Tees]=E14), 0), MATCH(G14, CourseHandicap[[#Headers],[Hole 1]:[Hole 18]], 0) ),"")} -> 2 | K14: {=IFERROR(INDEX(CourseRatings[[Hole 1]:[Hole 18]], MATCH(1, (CourseRatings[Course]=C14)*(CourseRatings[Tees]=E14), 0), MATCH(G14, CourseRatings[[#Headers],[Hole 1]:[Hole 18]], 0) ),"")} -> 5 | L14: {=IFERROR( INDEX('Golf Log'!$E$2:$V$72, MATCH(1, ('Golf Log'!$A$2:$A$72=$A14)* ('Golf Log'!$B$2:$B$72=$B14)* ('Golf Log'!$C$2:$C$72=$C14), 0), MATCH($G14,'Golf Log'!$E$1:$V$1,0) ), "")} -> 5 | M14: =IFERROR(L14-K14,"") -> 0 | N14: =IF(M14="","",(IF(M14=-2,"Eagle",IF(M14=-1,"Birdie",IF(M14=0,"Par",IF(M14=1,"Bogey",IF(M14=2,"Double Bogey",IF(M14=3,"Triple Bogey",IF(M14>3,"Quad Bogey+"))))))))) -> Par | O14: {=IFERROR( INDEX('Putt Log'!$E$2:$V$72, MATCH(1, ('Putt Log'!$A$2:$A$72=$A14)* ('Putt Log'!$B$2:$B$72=$B14)* ('Putt Log'!$C$2:$C$72=$C14), 0), MATCH($G14,'Putt Log'!$E$1:$V$1,0) ), "")} -> 2 | P14: {=IF(K14=3,"", IFERROR( INDEX('Fairway Log'!$E$2:$V$72, MATCH(1, ('Fairway Log'!$A$2:$A$72=$A14)* ('Fairway Log'!$B$2:$B$72=$B14)* ('Fairway Log'!$C$2:$C85=$C14), 0), MATCH($G14,'Fairway Log'!$E$1:$V$1,0) ), "") )} -> 1 | Q14: {=IFERROR( INDEX('GIR Log'!$E$2:$V$72, MATCH(1, ('GIR Log'!$A$2:$A$72=$A14)* ('GIR Log'!$B$2:$B$72=$B14)* ('GIR Log'!$C$2:$C$72=$C14), 0), MATCH($G14,'GIR Log'!$E$1:$V$1,0) ), "")} -> 1
A15: Tyler | B15: 45735 | C15: Bethpage Green | D15: Bethpage Green | E15: White | F15: 76 | G15: Hole 14 | H15: =VALUE(RIGHT(G15, LEN(G15) - 5)) -> 14 | I15: {=IFERROR(INDEX(CourseYardages[[Hole 1]:[Hole 18]], MATCH(1, (CourseYardages[Course]=C15)*(CourseYardages[Tees]=E15), 0), MATCH(G15, CourseYardages[[#Headers],[Hole 1]:[Hole 18]], 0) ),"")} -> 352 | J15: {=IFERROR(INDEX(CourseHandicap[[Hole 1]:[Hole 18]], MATCH(1, (CourseHandicap[Course]=C15)*(CourseHandicap[Tees]=E15), 0), MATCH(G15, CourseHandicap[[#Headers],[Hole 1]:[Hole 18]], 0) ),"")} -> 14 | K15: {=IFERROR(INDEX(CourseRatings[[Hole 1]:[Hole 18]], MATCH(1, (CourseRatings[Course]=C15)*(CourseRatings[Tees]=E15), 0), MATCH(G15, CourseRatings[[#Headers],[Hole 1]:[Hole 18]], 0) ),"")} -> 4 | L15: {=IFERROR( INDEX('Golf Log'!$E$2:$V$72, MATCH(1, ('Golf Log'!$A$2:$A$72=$A15)* ('Golf Log'!$B$2:$B$72=$B15)* ('Golf Log'!$C$2:$C$72=$C15), 0), MATCH($G15,'Golf Log'!$E$1:$V$1,0) ), "")} -> 4 | M15: =IFERROR(L15-K15,"") -> 0 | N15: =IF(M15="","",(IF(M15=-2,"Eagle",IF(M15=-1,"Birdie",IF(M15=0,"Par",IF(M15=1,"Bogey",IF(M15=2,"Double Bogey",IF(M15=3,"Triple Bogey",IF(M15>3,"Quad Bogey+"))))))))) -> Par | O15: {=IFERROR( INDEX('Putt Log'!$E$2:$V$72, MATCH(1, ('Putt Log'!$A$2:$A$72=$A15)* ('Putt Log'!$B$2:$B$72=$B15)* ('Putt Log'!$C$2:$C$72=$C15), 0), MATCH($G15,'Putt Log'!$E$1:$V$1,0) ), "")} -> 2 | P15: {=IF(K15=3,"", IFERROR( INDEX('Fairway Log'!$E$2:$V$72, MATCH(1, ('Fairway Log'!$A$2:$A$72=$A15)* ('Fairway Log'!$B$2:$B$72=$B15)* ('Fairway Log'!$C$2:$C86=$C15), 0), MATCH($G15,'Fairway Log'!$E$1:$V$1,0) ), "") )} -> → | Q15: {=IFERROR( INDEX('GIR Log'!$E$2:$V$72, MATCH(1, ('GIR Log'!$A$2:$A$72=$A15)* ('GIR Log'!$B$2:$B$72=$B15)* ('GIR Log'!$C$2:$C$72=$C15), 0), MATCH($G15,'GIR Log'!$E$1:$V$1,0) ), "")} -> 1
... A1261: Ryan | B1261: 46185 | C1261: Swan Lake | D1261: Swan Lake | E1261: White | F1261: 104 | G1261: Hole 18 | H1261: =VALUE(RIGHT(G1261, LEN(G1261) - 5)) -> 18 | I1261: {=IFERROR(INDEX(CourseYardages[[Hole 1]:[Hole 18]], MATCH(1, (CourseYardages[Course]=C1261)*(CourseYardages[Tees]=E1261), 0), MATCH(G1261, CourseYardages[[#Headers],[Hole 1]:[Hole 18]], 0) ),"")} -> 354 | J1261: {=IFERROR(INDEX(CourseHandicap[[Hole 1]:[Hole 18]], MATCH(1, (CourseHandicap[Course]=C1261)*(CourseHandicap[Tees]=E1261), 0), MATCH(G1261, CourseHandicap[[#Headers],[Hole 1]:[Hole 18]], 0) ),"")} -> 2 | K1261: {=IFERROR(INDEX(CourseRatings[[Hole 1]:[Hole 18]], MATCH(1, (CourseRatings[Course]=C1261)*(CourseRatings[Tees]=E1261), 0), MATCH(G1261, CourseRatings[[#Headers],[Hole 1]:[Hole 18]], 0) ),"")} -> 4 | L1261: {=IFERROR( INDEX('Golf Log'!$E$2:$V$72, MATCH(1, ('Golf Log'!$A$2:$A$72=$A1261)* ('Golf Log'!$B$2:$B$72=$B1261)* ('Golf Log'!$C$2:$C$72=$C1261), 0), MATCH($G1261,'Golf Log'!$E$1:$V$1,0) ), "")} -> 7 | M1261: =IFERROR(L1261-K1261,"") -> 3 | N1261: =IF(M1261="","",(IF(M1261=-2,"Eagle",IF(M1261=-1,"Birdie",IF(M1261=0,"Par",IF(M1261=1,"Bogey",IF(M1261=2,"Double Bogey",IF(M1261=3,"Triple Bogey",IF(M1261>3,"Quad Bogey+"))))))))) -> Triple Bogey | O1261: {=IFERROR( INDEX('Putt Log'!$E$2:$V$72, MATCH(1, ('Putt Log'!$A$2:$A$72=$A1261)* ('Putt Log'!$B$2:$B$72=$B1261)* ('Putt Log'!$C$2:$C$72=$C1261), 0), MATCH($G1261,'Putt Log'!$E$1:$V$1,0) ), "")} -> 2 | P1261: {=IF(K1261=3,"", IFERROR( INDEX('Fairway Log'!$E$2:$V$72, MATCH(1, ('Fairway Log'!$A$2:$A$72=$A1261)* ('Fairway Log'!$B$2:$B$72=$B1261)* ('Fairway Log'!$C$2:$C1332=$C1261), 0), MATCH($G1261,'Fairway Log'!$E$1:$V$1,0) ), "") )} -> → | Q1261: {=IFERROR( INDEX('GIR Log'!$E$2:$V$72, MATCH(1, ('GIR Log'!$A$2:$A$72=$A1261)* ('GIR Log'!$B$2:$B$72=$B1261)* ('GIR Log'!$C$2:$C$72=$C1261), 0), MATCH($G1261,'GIR Log'!$E$1:$V$1,0) ), "")} -> ↓

Sheet Golf Log
A1: Golfer | B1: Date | C1: Course | D1: Score | E1: Hole 1 | F1: Hole 2 | G1: Hole 3 | H1: Hole 4 | I1: Hole 5 | J1: Hole 6 | K1: Hole 7 | L1: Hole 8 | M1: Hole 9 | N1: Hole 10 | O1: Hole 11 | P1: Hole 12 | Q1: Hole 13 | R1: Hole 14 | S1: Hole 15 | T1: Hole 16 | U1: Hole 17 | V1: Hole 18 | W1: Putts | X1: Fairways | Y1: GIR | Z1: Par 3 Avg | AA1: Par 4 Avg | AB1: Par 5 Avg
A2: Tyler | B2: 45735 | C2: Bethpage Green | D2: =SUM('Golf Log'!$E2:$V2) -> 76 | E2: 4 | F2: 5 | G2: 5 | H2: 4 | I2: 5 | J2: 3 | K2: 6 | L2: 3 | M2: 5 | N2: 4 | O2: 4 | P2: 4 | Q2: 5 | R2: 4 | S2: 3 | T2: 4 | U2: 4 | V2: 4 | W2: 31 | X2: 7 | Y2: 10 | Z2: {=SUMPRODUCT((_xlfn.XLOOKUP(C2, 'Course Stats'!A:A, 'Course Stats'!G:X)=3)*(E2:V2)) / COUNTIF(_xlfn.XLOOKUP(C2, 'Course Stats'!A:A, 'Course Stats'!G:X), 3)} -> 3.75 | AA2: {=SUMPRODUCT((_xlfn.XLOOKUP(C2, 'Course Stats'!A:A, 'Course Stats'!G:X)=4)*(E2:V2)) / COUNTIF(_xlfn.XLOOKUP(C2, 'Course Stats'!A:A, 'Course Stats'!G:X), 4)} -> 4.0909091 | AB2: {=SUMPRODUCT((_xlfn.XLOOKUP(C2, 'Course Stats'!A:A, 'Course Stats'!G:X)=5)*(E2:V2)) / COUNTIF(_xlfn.XLOOKUP(C2, 'Course Stats'!A:A, 'Course Stats'!G:X), 5)} -> 5.3333333
A3: Tyler | B3: 45655 | C3: Wailea Golf Club Emerald Course | D3: =SUM('Golf Log'!$E3:$V3) -> 85 | E3: 4 | F3: 7 | G3: 4 | H3: 4 | I3: 5 | J3: 5 | K3: 4 | L3: 4 | M3: 5 | N3: 4 | O3: 5 | P3: 5 | Q3: 4 | R3: 6 | S3: 6 | T3: 4 | U3: 4 | V3: 5 | W3: 34 | X3: 11 | Y3: 6 | Z3: {=SUMPRODUCT((_xlfn.XLOOKUP(C3, 'Course Stats'!A:A, 'Course Stats'!G:X)=3)*(E3:V3)) / COUNTIF(_xlfn.XLOOKUP(C3, 'Course Stats'!A:A, 'Course Stats'!G:X), 3)} -> 4 | AA3: {=SUMPRODUCT((_xlfn.XLOOKUP(C3, 'Course Stats'!A:A, 'Course Stats'!G:X)=4)*(E3:V3)) / COUNTIF(_xlfn.XLOOKUP(C3, 'Course Stats'!A:A, 'Course Stats'!G:X), 4)} -> 4.7 | AB3: {=SUMPRODUCT((_xlfn.XLOOKUP(C3, 'Course Stats'!A:A, 'Course Stats'!G:X)=5)*(E3:V3)) / COUNTIF(_xlfn.XLOOKUP(C3, 'Course Stats'!A:A, 'Course Stats'!G:X), 5)} -> 5.5
A4: Tyler | B4: 45653 | C4: Wailea Golf Club Gold Course | D4: =SUM('Golf Log'!$E4:$V4) -> 80 | E4: 5 | F4: 6 | G4: 4 | H4: 4 | I4: 4 | J4: 4 | K4: 5 | L4: 3 | M4: 5 | N4: 5 | O4: 3 | P4: 5 | Q4: 5 | R4: 4 | S4: 5 | T4: 4 | U4: 5 | V4: 4 | W4: 31 | X4: 3 | Y4: 5 | Z4: {=SUMPRODUCT((_xlfn.XLOOKUP(C4, 'Course Stats'!A:A, 'Course Stats'!G:X)=3)*(E4:V4)) / COUNTIF(_xlfn.XLOOKUP(C4, 'Course Stats'!A:A, 'Course Stats'!G:X), 3)} -> 3.5 | AA4: {=SUMPRODUCT((_xlfn.XLOOKUP(C4, 'Course Stats'!A:A, 'Course Stats'!G:X)=4)*(E4:V4)) / COUNTIF(_xlfn.XLOOKUP(C4, 'Course Stats'!A:A, 'Course Stats'!G:X), 4)} -> 4.5 | AB4: {=SUMPRODUCT((_xlfn.XLOOKUP(C4, 'Course Stats'!A:A, 'Course Stats'!G:X)=5)*(E4:V4)) / COUNTIF(_xlfn.XLOOKUP(C4, 'Course Stats'!A:A, 'Course Stats'!G:X), 5)} -> 5.25
A5: Tyler | B5: 45649 | C5: Ka'anapali Golf Resort Royal Course | D5: =SUM('Golf Log'!$E5:$V5) -> 88 | E5: 6 | F5: 5 | G5: 5 | H5: 6 | I5: 5 | J5: 5 | K5: 5 | L5: 4 | M5: 6 | N5: 4 | O5: 5 | P5: 5 | Q5: 4 | R5: 5 | S5: 4 | T5: 5 | U5: 4 | V5: 5 | W5: 35 | X5: 5 | Y5: 1 | Z5: {=SUMPRODUCT((_xlfn.XLOOKUP(C5, 'Course Stats'!A:A, 'Course Stats'!G:X)=3)*(E5:V5)) / COUNTIF(_xlfn.XLOOKUP(C5, 'Course Stats'!A:A, 'Course Stats'!G:X), 3)} -> 4.25 | AA5: {=SUMPRODUCT((_xlfn.XLOOKUP(C5, 'Course Stats'!A:A, 'Course Stats'!G:X)=4)*(E5:V5)) / COUNTIF(_xlfn.XLOOKUP(C5, 'Course Stats'!A:A, 'Course Stats'!G:X), 4)} -> 4.9090909 | AB5: {=SUMPRODUCT((_xlfn.XLOOKUP(C5, 'Course Stats'!A:A, 'Course Stats'!G:X)=5)*(E5:V5)) / COUNTIF(_xlfn.XLOOKUP(C5, 'Course Stats'!A:A, 'Course Stats'!G:X), 5)} -> 5.6666667
A6: Tyler | B6: 45580 | C6: Sebonack Golf Club | D6: =SUM('Golf Log'!$E6:$V6) -> 83 | E6: 6 | F6: 6 | G6: 3 | H6: 5 | I6: 3 | J6: 4 | K6: 4 | L6: 3 | M6: 5 | N6: 4 | O6: 5 | P6: 5 | Q6: 6 | R6: 6 | S6: 5 | T6: 5 | U6: 3 | V6: 5 | W6: 29 | X6: 6 | Y6: 5 | Z6: {=SUMPRODUCT((_xlfn.XLOOKUP(C6, 'Course Stats'!A:A, 'Course Stats'!G:X)=3)*(E6:V6)) / COUNTIF(_xlfn.XLOOKUP(C6, 'Course Stats'!A:A, 'Course Stats'!G:X), 3)} -> 4 | AA6: {=SUMPRODUCT((_xlfn.XLOOKUP(C6, 'Course Stats'!A:A, 'Course Stats'!G:X)=4)*(E6:V6)) / COUNTIF(_xlfn.XLOOKUP(C6, 'Course Stats'!A:A, 'Course Stats'!G:X), 4)} -> 4.6 | AB6: {=SUMPRODUCT((_xlfn.XLOOKUP(C6, 'Course Stats'!A:A, 'Course Stats'!G:X)=5)*(E6:V6)) / COUNTIF(_xlfn.XLOOKUP(C6, 'Course Stats'!A:A, 'Course Stats'!G:X), 5)} -> 5.25
A7: Tyler | B7: 45570 | C7: Bethpage Green | D7: =SUM('Golf Log'!$E7:$V7) -> 79 | E7: 4 | F7: 5 | G7: 3 | H7: 4 | I7: 5 | J7: 4 | K7: 5 | L7: 4 | M7: 4 | N7: 4 | O7: 3 | P7: 4 | Q7: 6 | R7: 6 | S7: 4 | T7: 5 | U7: 5 | V7: 4 | W7: 29 | X7: 5 | Y7: 5 | Z7: {=SUMPRODUCT((_xlfn.XLOOKUP(C7, 'Course Stats'!A:A, 'Course Stats'!G:X)=3)*(E7:V7)) / COUNTIF(_xlfn.XLOOKUP(C7, 'Course Stats'!A:A, 'Course Stats'!G:X), 3)} -> 3.5 | AA7: {=SUMPRODUCT((_xlfn.XLOOKUP(C7, 'Course Stats'!A:A, 'Course Stats'!G:X)=4)*(E7:V7)) / COUNTIF(_xlfn.XLOOKUP(C7, 'Course Stats'!A:A, 'Course Stats'!G:X), 4)} -> 4.5454545 | AB7: {=SUMPRODUCT((_xlfn.XLOOKUP(C7, 'Course Stats'!A:A, 'Course Stats'!G:X)=5)*(E7:V7)) / COUNTIF(_xlfn.XLOOKUP(C7, 'Course Stats'!A:A, 'Course Stats'!G:X), 5)} -> 5
A8: Tyler | B8: 45535 | C8: Bethpage Yellow | D8: =SUM('Golf Log'!$E8:$V8) -> 87 | E8: 6 | F8: 5 | G8: 5 | H8: 4 | I8: 5 | J8: 6 | K8: 4 | L8: 5 | M8: 5 | N8: 5 | O8: 5 | P8: 4 | Q8: 5 | R8: 4 | S8: 4 | T8: 5 | U8: 6 | V8: 4 | W8: 32 | X8: 6 | Y8: 3 | Z8: {=SUMPRODUCT((_xlfn.XLOOKUP(C8, 'Course Stats'!A:A, 'Course Stats'!G:X)=3)*(E8:V8)) / COUNTIF(_xlfn.XLOOKUP(C8, 'Course Stats'!A:A, 'Course Stats'!G:X), 3)} -> 4.25 | AA8: {=SUMPRODUCT((_xlfn.XLOOKUP(C8, 'Course Stats'!A:A, 'Course Stats'!G:X)=4)*(E8:V8)) / COUNTIF(_xlfn.XLOOKUP(C8, 'Course Stats'!A:A, 'Course Stats'!G:X), 4)} -> 4.8181818 | AB8: {=SUMPRODUCT((_xlfn.XLOOKUP(C8, 'Course Stats'!A:A, 'Course Stats'!G:X)=5)*(E8:V8)) / COUNTIF(_xlfn.XLOOKUP(C8, 'Course Stats'!A:A, 'Course Stats'!G:X), 5)} -> 5.6666667
A9: Tyler | B9: 45514 | C9: Brentwood Country Club | D9: =SUM('Golf Log'!$E9:$V9) -> 85 | E9: 7 | F9: 5 | G9: 5 | H9: 6 | I9: 3 | J9: 5 | K9: 5 | L9: 5 | M9: 4 | N9: 4 | O9: 4 | P9: 5 | Q9: 5 | R9: 4 | S9: 5 | T9: 4 | U9: 5 | V9: 4 | W9: 31 | X9: 6 | Y9: 4 | Z9: {=SUMPRODUCT((_xlfn.XLOOKUP(C9, 'Course Stats'!A:A, 'Course Stats'!G:X)=3)*(E9:V9)) / COUNTIF(_xlfn.XLOOKUP(C9, 'Course Stats'!A:A, 'Course Stats'!G:X), 3)} -> 4 | AA9: {=SUMPRODUCT((_xlfn.XLOOKUP(C9, 'Course Stats'!A:A, 'Course Stats'!G:X)=4)*(E9:V9)) / COUNTIF(_xlfn.XLOOKUP(C9, 'Course Stats'!A:A, 'Course Stats'!G:X), 4)} -> 4.5833333 | AB9: {=SUMPRODUCT((_xlfn.XLOOKUP(C9, 'Course Stats'!A:A, 'Course Stats'!G:X)=5)*(E9:V9)) / COUNTIF(_xlfn.XLOOKUP(C9, 'Course Stats'!A:A, 'Course Stats'!G:X), 5)} -> 6
A10: Tyler | B10: 45502 | C10: Bethpage Green | D10: =SUM('Golf Log'!$E10:$V10) -> 83 | E10: 4 | F10: 4 | G10: 4 | H10: 4 | I10: 5 | J10: 4 | K10: 5 | L10: 5 | M10: 6 | N10: 4 | O10: 4 | P10: 4 | Q10: 6 | R10: 4 | S10: 4 | T10: 4 | U10: 6 | V10: 6 | W10: 29 | X10: 6 | Y10: 4 | Z10: {=SUMPRODUCT((_xlfn.XLOOKUP(C10, 'Course Stats'!A:A, 'Course Stats'!G:X)=3)*(E10:V10)) / COUNTIF(_xlfn.XLOOKUP(C10, 'Course Stats'!A:A, 'Course Stats'!G:X), 3)} -> 4 | AA10: {=SUMPRODUCT((_xlfn.XLOOKUP(C10, 'Course Stats'!A:A, 'Course Stats'!G:X)=4)*(E10:V10)) / COUNTIF(_xlfn.XLOOKUP(C10, 'Course Stats'!A:A, 'Course Stats'!G:X), 4)} -> 4.5454545 | AB10: {=SUMPRODUCT((_xlfn.XLOOKUP(C10, 'Course Stats'!A:A, 'Course Stats'!G:X)=5)*(E10:V10)) / COUNTIF(_xlfn.XLOOKUP(C10, 'Course Stats'!A:A, 'Course Stats'!G:X), 5)} -> 5.6666667
A11: Tyler | B11: 45496 | C11: Brentwood Country Club | D11: =SUM('Golf Log'!$E11:$V11) -> 79 | E11: 6 | F11: 4 | G11: 4 | H11: 3 | I11: 4 | J11: 5 | K11: 5 | L11: 5 | M11: 4 | N11: 5 | O11: 4 | P11: 5 | Q11: 3 | R11: 4 | S11: 5 | T11: 4 | U11: 4 | V11: 5 | W11: 27 | X11: 9 | Y11: 3 | Z11: {=SUMPRODUCT((_xlfn.XLOOKUP(C11, 'Course Stats'!A:A, 'Course Stats'!G:X)=3)*(E11:V11)) / COUNTIF(_xlfn.XLOOKUP(C11, 'Course Stats'!A:A, 'Course Stats'!G:X), 3)} -> 4 | AA11: {=SUMPRODUCT((_xlfn.XLOOKUP(C11, 'Course Stats'!A:A, 'Course Stats'!G:X)=4)*(E11:V11)) / COUNTIF(_xlfn.XLOOKUP(C11, 'Course Stats'!A:A, 'Course Stats'!G:X), 4)} -> 4.5 | AB11: {=SUMPRODUCT((_xlfn.XLOOKUP(C11, 'Course Stats'!A:A, 'Course Stats'!G:X)=5)*(E11:V11)) / COUNTIF(_xlfn.XLOOKUP(C11, 'Course Stats'!A:A, 'Course Stats'!G:X), 5)} -> 4.3333333
A12: Tyler | B12: 45492 | C12: Brentwood Country Club | D12: =SUM('Golf Log'!$E12:$V12) -> 83 | E12: 6 | F12: 4 | G12: 5 | H12: 5 | I12: 3 | J12: 6 | K12: 4 | L12: 4 | M12: 5 | N12: 4 | O12: 6 | P12: 5 | Q12: 4 | R12: 3 | S12: 5 | T12: 4 | U12: 4 | V12: 6 | W12: 29 | X12: 8 | Y12: 5 | Z12: {=SUMPRODUCT((_xlfn.XLOOKUP(C12, 'Course Stats'!A:A, 'Course Stats'!G:X)=3)*(E12:V12)) / COUNTIF(_xlfn.XLOOKUP(C12, 'Course Stats'!A:A, 'Course Stats'!G:X), 3)} -> 3.6666667 | AA12: {=SUMPRODUCT((_xlfn.XLOOKUP(C12, 'Course Stats'!A:A, 'Course Stats'!G:X)=4)*(E12:V12)) / COUNTIF(_xlfn.XLOOKUP(C12, 'Course Stats'!A:A, 'Course Stats'!G:X), 4)} -> 4.75 | AB12: {=SUMPRODUCT((_xlfn.XLOOKUP(C12, 'Course Stats'!A:A, 'Course Stats'!G:X)=5)*(E12:V12)) / COUNTIF(_xlfn.XLOOKUP(C12, 'Course Stats'!A:A, 'Course Stats'!G:X), 5)} -> 5
A13: Tyler | B13: 45487 | C13: Bethpage Green | D13: =SUM('Golf Log'!$E13:$V13) -> 78 | E13: 4 | F13: 5 | G13: 3 | H13: 4 | I13: 4 | J13: 4 | K13: 5 | L13: 5 | M13: 5 | N13: 5 | O13: 4 | P13: 4 | Q13: 5 | R13: 4 | S13: 4 | T13: 3 | U13: 5 | V13: 5 | W13: 29 | X13: 3 | Y13: 6 | Z13: {=SUMPRODUCT((_xlfn.XLOOKUP(C13, 'Course Stats'!A:A, 'Course Stats'!G:X)=3)*(E13:V13)) / COUNTIF(_xlfn.XLOOKUP(C13, 'Course Stats'!A:A, 'Course Stats'!G:X), 3)} -> 3.75 | AA13: {=SUMPRODUCT((_xlfn.XLOOKUP(C13, 'Course Stats'!A:A, 'Course Stats'!G:X)=4)*(E13:V13)) / COUNTIF(_xlfn.XLOOKUP(C13, 'Course Stats'!A:A, 'Course Stats'!G:X), 4)} -> 4.3636364 | AB13: {=SUMPRODUCT((_xlfn.XLOOKUP(C13, 'Course Stats'!A:A, 'Course Stats'!G:X)=5)*(E13:V13)) / COUNTIF(_xlfn.XLOOKUP(C13, 'Course Stats'!A:A, 'Course Stats'!G:X), 5)} -> 5
... A49: Ryan | B49: 45453 | C49: Willow Creek Hamlet Course | D49: =SUM('Golf Log'!$E49:$V49) -> 109 | E49: 5 | F49: 4 | G49: 7 | H49: 5 | I49: 6 | J49: 7 | K49: 5 | L49: 7 | M49: 8 | N49: 7 | O49: 5 | P49: 7 | Q49: 6 | R49: 6 | S49: 8 | T49: 5 | U49: 5 | V49: 6 | W49: 35 | X49: 0 | Y49: 1 | Z49: {=SUMPRODUCT((_xlfn.XLOOKUP(C49, 'Course Stats'!A:A, 'Course Stats'!G:X)=3)*(E49:V49)) / COUNTIF(_xlfn.XLOOKUP(C49, 'Course Stats'!A:A, 'Course Stats'!G:X), 3)} -> 5 | AA49: {=SUMPRODUCT((_xlfn.XLOOKUP(C49, 'Course Stats'!A:A, 'Course Stats'!G:X)=4)*(E49:V49)) / COUNTIF(_xlfn.XLOOKUP(C49, 'Course Stats'!A:A, 'Course Stats'!G:X), 4)} -> 6.2222222 | AB49: {=SUMPRODUCT((_xlfn.XLOOKUP(C49, 'Course Stats'!A:A, 'Course Stats'!G:X)=5)*(E49:V49)) / COUNTIF(_xlfn.XLOOKUP(C49, 'Course Stats'!A:A, 'Course Stats'!G:X), 5)} -> 7
A50: Rich | B50: 45156 | C50: Middle Island Country Club - Oak and Spruce | D50: =SUM('Golf Log'!$E50:$V50) -> 89 | E50: 5 | F50: 6 | G50: 5 | H50: 4 | I50: 4 | J50: 5 | K50: 5 | L50: 3 | M50: 6 | N50: 6 | O50: 5 | P50: 7 | Q50: 3 | R50: 5 | S50: 5 | T50: 5 | U50: 4 | V50: 6 | Z50: {=SUMPRODUCT((_xlfn.XLOOKUP(C50, 'Course Stats'!A:A, 'Course Stats'!G:X)=3)*(E50:V50)) / COUNTIF(_xlfn.XLOOKUP(C50, 'Course Stats'!A:A, 'Course Stats'!G:X), 3)} -> 3.5 | AA50: {=SUMPRODUCT((_xlfn.XLOOKUP(C50, 'Course Stats'!A:A, 'Course Stats'!G:X)=4)*(E50:V50)) / COUNTIF(_xlfn.XLOOKUP(C50, 'Course Stats'!A:A, 'Course Stats'!G:X), 4)} -> 5.1818182 | AB50: {=SUMPRODUCT((_xlfn.XLOOKUP(C50, 'Course Stats'!A:A, 'Course Stats'!G:X)=5)*(E50:V50)) / COUNTIF(_xlfn.XLOOKUP(C50, 'Course Stats'!A:A, 'Course Stats'!G:X), 5)} -> 6
A51: Rich | B51: 45465 | C51: Wind Watch Hamlet Course | D51: =SUM('Golf Log'!$E51:$V51) -> 99 | E51: 7 | F51: 5 | G51: 5 | H51: 6 | I51: 6 | J51: 4 | K51: 5 | L51: 4 | M51: 6 | N51: 8 | O51: 5 | P51: 5 | Q51: 5 | R51: 5 | S51: 6 | T51: 5 | U51: 6 | V51: 6 | W51: 34 | X51: 0 | Y51: 1 | Z51: {=SUMPRODUCT((_xlfn.XLOOKUP(C51, 'Course Stats'!A:A, 'Course Stats'!G:X)=3)*(E51:V51)) / COUNTIF(_xlfn.XLOOKUP(C51, 'Course Stats'!A:A, 'Course Stats'!G:X), 3)} -> 4.5 | AA51: {=SUMPRODUCT((_xlfn.XLOOKUP(C51, 'Course Stats'!A:A, 'Course Stats'!G:X)=4)*(E51:V51)) / COUNTIF(_xlfn.XLOOKUP(C51, 'Course Stats'!A:A, 'Course Stats'!G:X), 4)} -> 5.6 | AB51: {=SUMPRODUCT((_xlfn.XLOOKUP(C51, 'Course Stats'!A:A, 'Course Stats'!G:X)=5)*(E51:V51)) / COUNTIF(_xlfn.XLOOKUP(C51, 'Course Stats'!A:A, 'Course Stats'!G:X), 5)} -> 6.25
A52: Rich | B52: 45514 | C52: Brentwood Country Club | D52: =SUM('Golf Log'!$E52:$V52) -> 90 | E52: 6 | F52: 5 | G52: 5 | H52: 6 | I52: 4 | J52: 5 | K52: 4 | L52: 4 | M52: 5 | N52: 6 | O52: 6 | P52: 6 | Q52: 5 | R52: 3 | S52: 5 | T52: 5 | U52: 5 | V52: 5 | W52: 28 | X52: 4 | Y52: 1 | Z52: {=SUMPRODUCT((_xlfn.XLOOKUP(C52, 'Course Stats'!A:A, 'Course Stats'!G:X)=3)*(E52:V52)) / COUNTIF(_xlfn.XLOOKUP(C52, 'Course Stats'!A:A, 'Course Stats'!G:X), 3)} -> 4 | AA52: {=SUMPRODUCT((_xlfn.XLOOKUP(C52, 'Course Stats'!A:A, 'Course Stats'!G:X)=4)*(E52:V52)) / COUNTIF(_xlfn.XLOOKUP(C52, 'Course Stats'!A:A, 'Course Stats'!G:X), 4)} -> 5.0833333 | AB52: {=SUMPRODUCT((_xlfn.XLOOKUP(C52, 'Course Stats'!A:A, 'Course Stats'!G:X)=5)*(E52:V52)) / COUNTIF(_xlfn.XLOOKUP(C52, 'Course Stats'!A:A, 'Course Stats'!G:X), 5)} -> 5.6666667
A53: Rich | B53: 45892 | C53: Spring Lake Thunderbird | D53: =SUM('Golf Log'!$E53:$V53) -> 90 | E53: 7 | F53: 4 | G53: 5 | H53: 6 | I53: 4 | J53: 3 | K53: 5 | L53: 5 | M53: 5 | N53: 6 | O53: 6 | P53: 5 | Q53: 3 | R53: 6 | S53: 6 | T53: 4 | U53: 4 | V53: 6 | W53: 38 | X53: 8 | Y53: 6 | Z53: {=SUMPRODUCT((_xlfn.XLOOKUP(C53, 'Course Stats'!A:A, 'Course Stats'!G:X)=3)*(E53:V53)) / COUNTIF(_xlfn.XLOOKUP(C53, 'Course Stats'!A:A, 'Course Stats'!G:X), 3)} -> 3.75 | AA53: {=SUMPRODUCT((_xlfn.XLOOKUP(C53, 'Course Stats'!A:A, 'Course Stats'!G:X)=4)*(E53:V53)) / COUNTIF(_xlfn.XLOOKUP(C53, 'Course Stats'!A:A, 'Course Stats'!G:X), 4)} -> 5.2 | AB53: {=SUMPRODUCT((_xlfn.XLOOKUP(C53, 'Course Stats'!A:A, 'Course Stats'!G:X)=5)*(E53:V53)) / COUNTIF(_xlfn.XLOOKUP(C53, 'Course Stats'!A:A, 'Course Stats'!G:X), 5)} -> 5.75
A54: Rich | B54: 45886 | C54: Spring Lake Thunderbird | D54: =SUM('Golf Log'!$E54:$V54) -> 89 | E54: 6 | F54: 6 | G54: 4 | H54: 6 | I54: 6 | J54: 3 | K54: 4 | L54: 4 | M54: 6 | N54: 4 | O54: 5 | P54: 5 | Q54: 4 | R54: 4 | S54: 6 | T54: 3 | U54: 7 | V54: 6 | W54: 39 | X54: 8 | Y54: 8 | Z54: {=SUMPRODUCT((_xlfn.XLOOKUP(C54, 'Course Stats'!A:A, 'Course Stats'!G:X)=3)*(E54:V54)) / COUNTIF(_xlfn.XLOOKUP(C54, 'Course Stats'!A:A, 'Course Stats'!G:X), 3)} -> 3.5 | AA54: {=SUMPRODUCT((_xlfn.XLOOKUP(C54, 'Course Stats'!A:A, 'Course Stats'!G:X)=4)*(E54:V54)) / COUNTIF(_xlfn.XLOOKUP(C54, 'Course Stats'!A:A, 'Course Stats'!G:X), 4)} -> 5.2 | AB54: {=SUMPRODUCT((_xlfn.XLOOKUP(C54, 'Course Stats'!A:A, 'Course Stats'!G:X)=5)*(E54:V54)) / COUNTIF(_xlfn.XLOOKUP(C54, 'Course Stats'!A:A, 'Course Stats'!G:X), 5)} -> 5.75
A55: Rich | B55: 45897 | C55: Spring Lake Thunderbird | D55: =SUM('Golf Log'!$E55:$V55) -> 90 | E55: 5 | F55: 5 | G55: 4 | H55: 6 | I55: 5 | J55: 3 | K55: 4 | L55: 5 | M55: 6 | N55: 5 | O55: 7 | P55: 5 | Q55: 4 | R55: 4 | S55: 6 | T55: 4 | U55: 6 | V55: 6 | W55: 32 | X55: 5 | Y55: 0 | Z55: {=SUMPRODUCT((_xlfn.XLOOKUP(C55, 'Course Stats'!A:A, 'Course Stats'!G:X)=3)*(E55:V55)) / COUNTIF(_xlfn.XLOOKUP(C55, 'Course Stats'!A:A, 'Course Stats'!G:X), 3)} -> 3.75 | AA55: {=SUMPRODUCT((_xlfn.XLOOKUP(C55, 'Course Stats'!A:A, 'Course Stats'!G:X)=4)*(E55:V55)) / COUNTIF(_xlfn.XLOOKUP(C55, 'Course Stats'!A:A, 'Course Stats'!G:X), 4)} -> 5 | AB55: {=SUMPRODUCT((_xlfn.XLOOKUP(C55, 'Course Stats'!A:A, 'Course Stats'!G:X)=5)*(E55:V55)) / COUNTIF(_xlfn.XLOOKUP(C55, 'Course Stats'!A:A, 'Course Stats'!G:X), 5)} -> 6.25
A56: Rich | B56: 45829 | C56: Brentwood Country Club | D56: =SUM('Golf Log'!$E56:$V56) -> 83 | E56: 6 | F56: 5 | G56: 4 | H56: 6 | I56: 4 | J56: 5 | K56: 5 | L56: 6 | M56: 4 | N56: 5 | O56: 4 | P56: 4 | Q56: 4 | R56: 3 | S56: 4 | T56: 4 | U56: 5 | V56: 5 | W56: 34 | X56: 1 | Y56: 6 | Z56: {=SUMPRODUCT((_xlfn.XLOOKUP(C56, 'Course Stats'!A:A, 'Course Stats'!G:X)=3)*(E56:V56)) / COUNTIF(_xlfn.XLOOKUP(C56, 'Course Stats'!A:A, 'Course Stats'!G:X), 3)} -> 3.6666667 | AA56: {=SUMPRODUCT((_xlfn.XLOOKUP(C56, 'Course Stats'!A:A, 'Course Stats'!G:X)=4)*(E56:V56)) / COUNTIF(_xlfn.XLOOKUP(C56, 'Course Stats'!A:A, 'Course Stats'!G:X), 4)} -> 4.5833333 | AB56: {=SUMPRODUCT((_xlfn.XLOOKUP(C56, 'Course Stats'!A:A, 'Course Stats'!G:X)=5)*(E56:V56)) / COUNTIF(_xlfn.XLOOKUP(C56, 'Course Stats'!A:A, 'Course Stats'!G:X), 5)} -> 5.6666667
A57: Rich | B57: 45857 | C57: Bethpage Green | D57: =SUM('Golf Log'!$E57:$V57) -> 84 | E57: 4 | F57: 6 | G57: 5 | H57: 5 | I57: 5 | J57: 4 | K57: 5 | L57: 3 | M57: 6 | N57: 5 | O57: 5 | P57: 4 | Q57: 5 | R57: 4 | S57: 4 | T57: 4 | U57: 6 | V57: 4 | W57: 35 | X57: 6 | Y57: 8 | Z57: {=SUMPRODUCT((_xlfn.XLOOKUP(C57, 'Course Stats'!A:A, 'Course Stats'!G:X)=3)*(E57:V57)) / COUNTIF(_xlfn.XLOOKUP(C57, 'Course Stats'!A:A, 'Course Stats'!G:X), 3)} -> 4.5 | AA57: {=SUMPRODUCT((_xlfn.XLOOKUP(C57, 'Course Stats'!A:A, 'Course Stats'!G:X)=4)*(E57:V57)) / COUNTIF(_xlfn.XLOOKUP(C57, 'Course Stats'!A:A, 'Course Stats'!G:X), 4)} -> 4.5454545 | AB57: {=SUMPRODUCT((_xlfn.XLOOKUP(C57, 'Course Stats'!A:A, 'Course Stats'!G:X)=5)*(E57:V57)) / COUNTIF(_xlfn.XLOOKUP(C57, 'Course Stats'!A:A, 'Course Stats'!G:X), 5)} -> 5.3333333
A58: Rich | B58: 45844 | C58: Bethpage Green | D58: =SUM('Golf Log'!$E58:$V58) -> 86 | E58: 4 | F58: 6 | G58: 4 | H58: 6 | I58: 4 | J58: 3 | K58: 6 | L58: 4 | M58: 7 | N58: 4 | O58: 4 | P58: 5 | Q58: 6 | R58: 5 | S58: 4 | T58: 5 | U58: 5 | V58: 4 | W58: 31 | X58: 6 | Y58: 3 | Z58: {=SUMPRODUCT((_xlfn.XLOOKUP(C58, 'Course Stats'!A:A, 'Course Stats'!G:X)=3)*(E58:V58)) / COUNTIF(_xlfn.XLOOKUP(C58, 'Course Stats'!A:A, 'Course Stats'!G:X), 3)} -> 3.75 | AA58: {=SUMPRODUCT((_xlfn.XLOOKUP(C58, 'Course Stats'!A:A, 'Course Stats'!G:X)=4)*(E58:V58)) / COUNTIF(_xlfn.XLOOKUP(C58, 'Course Stats'!A:A, 'Course Stats'!G:X), 4)} -> 4.7272727 | AB58: {=SUMPRODUCT((_xlfn.XLOOKUP(C58, 'Course Stats'!A:A, 'Course Stats'!G:X)=5)*(E58:V58)) / COUNTIF(_xlfn.XLOOKUP(C58, 'Course Stats'!A:A, 'Course Stats'!G:X), 5)} -> 6.3333333
A59: Rich | B59: 45653 | C59: Wailea Golf Club Gold Course | D59: =SUM('Golf Log'!$E59:$V59) -> 92 | E59: 5 | F59: 6 | G59: 5 | H59: 6 | I59: 5 | J59: 4 | K59: 6 | L59: 4 | M59: 5 | N59: 5 | O59: 4 | P59: 4 | Q59: 7 | R59: 5 | S59: 6 | T59: 4 | U59: 5 | V59: 6 | W59: 36 | X59: 3 | Y59: 2 | Z59: {=SUMPRODUCT((_xlfn.XLOOKUP(C59, 'Course Stats'!A:A, 'Course Stats'!G:X)=3)*(E59:V59)) / COUNTIF(_xlfn.XLOOKUP(C59, 'Course Stats'!A:A, 'Course Stats'!G:X), 3)} -> 4.25 | AA59: {=SUMPRODUCT((_xlfn.XLOOKUP(C59, 'Course Stats'!A:A, 'Course Stats'!G:X)=4)*(E59:V59)) / COUNTIF(_xlfn.XLOOKUP(C59, 'Course Stats'!A:A, 'Course Stats'!G:X), 4)} -> 5 | AB59: {=SUMPRODUCT((_xlfn.XLOOKUP(C59, 'Course Stats'!A:A, 'Course Stats'!G:X)=5)*(E59:V59)) / COUNTIF(_xlfn.XLOOKUP(C59, 'Course Stats'!A:A, 'Course Stats'!G:X), 5)} -> 6.25
A60: Rich | B60: 45655 | C60: Wailea Golf Club Emerald Course | D60: =SUM('Golf Log'!$E60:$V60) -> 91 | E60: 4 | F60: 6 | G60: 3 | H60: 4 | I60: 5 | J60: 4 | K60: 5 | L60: 4 | M60: 6 | N60: 6 | O60: 7 | P60: 6 | Q60: 4 | R60: 5 | S60: 6 | T60: 4 | U60: 5 | V60: 7 | W60: 36 | X60: 3 | Y60: 4 | Z60: {=SUMPRODUCT((_xlfn.XLOOKUP(C60, 'Course Stats'!A:A, 'Course Stats'!G:X)=3)*(E60:V60)) / COUNTIF(_xlfn.XLOOKUP(C60, 'Course Stats'!A:A, 'Course Stats'!G:X), 3)} -> 3.75 | AA60: {=SUMPRODUCT((_xlfn.XLOOKUP(C60, 'Course Stats'!A:A, 'Course Stats'!G:X)=4)*(E60:V60)) / COUNTIF(_xlfn.XLOOKUP(C60, 'Course Stats'!A:A, 'Course Stats'!G:X), 4)} -> 5 | AB60: {=SUMPRODUCT((_xlfn.XLOOKUP(C60, 'Course Stats'!A:A, 'Course Stats'!G:X)=5)*(E60:V60)) / COUNTIF(_xlfn.XLOOKUP(C60, 'Course Stats'!A:A, 'Course Stats'!G:X), 5)} -> 6.5
A61: Rich | B61: 45649 | C61: Ka'anapali Golf Resort Royal Course | D61: =SUM('Golf Log'!$E61:$V61) -> 91 | E61: 6 | F61: 5 | G61: 4 | H61: 5 | I61: 6 | J61: 6 | K61: 5 | L61: 5 | M61: 6 | N61: 5 | O61: 6 | P61: 5 | Q61: 5 | R61: 5 | S61: 4 | T61: 5 | U61: 3 | V61: 5 | W61: 37 | X61: 3 | Y61: 3 | Z61: {=SUMPRODUCT((_xlfn.XLOOKUP(C61, 'Course Stats'!A:A, 'Course Stats'!G:X)=3)*(E61:V61)) / COUNTIF(_xlfn.XLOOKUP(C61, 'Course Stats'!A:A, 'Course Stats'!G:X), 3)} -> 4.25 | AA61: {=SUMPRODUCT((_xlfn.XLOOKUP(C61, 'Course Stats'!A:A, 'Course Stats'!G:X)=4)*(E61:V61)) / COUNTIF(_xlfn.XLOOKUP(C61, 'Course Stats'!A:A, 'Course Stats'!G:X), 4)} -> 5.0909091 | AB61: {=SUMPRODUCT((_xlfn.XLOOKUP(C61, 'Course Stats'!A:A, 'Course Stats'!G:X)=5)*(E61:V61)) / COUNTIF(_xlfn.XLOOKUP(C61, 'Course Stats'!A:A, 'Course Stats'!G:X), 5)} -> 6
A62: Rich | B62: 45570 | C62: Bethpage Green | D62: =SUM('Golf Log'!$E62:$V62) -> 87 | E62: 5 | F62: 4 | G62: 4 | H62: 4 | I62: 5 | J62: 4 | K62: 7 | L62: 5 | M62: 6 | N62: 4 | O62: 5 | P62: 5 | Q62: 6 | R62: 5 | S62: 4 | T62: 4 | U62: 4 | V62: 6 | W62: 38 | X62: 2 | Y62: 6 | Z62: {=SUMPRODUCT((_xlfn.XLOOKUP(C62, 'Course Stats'!A:A, 'Course Stats'!G:X)=3)*(E62:V62)) / COUNTIF(_xlfn.XLOOKUP(C62, 'Course Stats'!A:A, 'Course Stats'!G:X), 3)} -> 4.25 | AA62: {=SUMPRODUCT((_xlfn.XLOOKUP(C62, 'Course Stats'!A:A, 'Course Stats'!G:X)=4)*(E62:V62)) / COUNTIF(_xlfn.XLOOKUP(C62, 'Course Stats'!A:A, 'Course Stats'!G:X), 4)} -> 4.6363636 | AB62: {=SUMPRODUCT((_xlfn.XLOOKUP(C62, 'Course Stats'!A:A, 'Course Stats'!G:X)=5)*(E62:V62)) / COUNTIF(_xlfn.XLOOKUP(C62, 'Course Stats'!A:A, 'Course Stats'!G:X), 5)} -> 6.3333333
... A72: Ryan | B72: 46185 | C72: Swan Lake | D72: =SUM('Golf Log'!$E72:$V72) -> 104 | E72: 7 | F72: 8 | G72: 8 | H72: 4 | I72: 6 | J72: 7 | K72: 4 | L72: 5 | M72: 6 | N72: 7 | O72: 6 | P72: 5 | Q72: 6 | R72: 4 | S72: 6 | T72: 3 | U72: 5 | V72: 7 | W72: 41 | X72: 4 | Y72: 4 | Z72: {=SUMPRODUCT((_xlfn.XLOOKUP(C72, 'Course Stats'!A:A, 'Course Stats'!G:X)=3)*(E72:V72)) / COUNTIF(_xlfn.XLOOKUP(C72, 'Course Stats'!A:A, 'Course Stats'!G:X), 3)} -> 3.75 | AA72: {=SUMPRODUCT((_xlfn.XLOOKUP(C72, 'Course Stats'!A:A, 'Course Stats'!G:X)=4)*(E72:V72)) / COUNTIF(_xlfn.XLOOKUP(C72, 'Course Stats'!A:A, 'Course Stats'!G:X), 4)} -> 6.3 | AB72: {=SUMPRODUCT((_xlfn.XLOOKUP(C72, 'Course Stats'!A:A, 'Course Stats'!G:X)=5)*(E72:V72)) / COUNTIF(_xlfn.XLOOKUP(C72, 'Course Stats'!A:A, 'Course Stats'!G:X), 5)} -> 6.5
A76: Golfer | B76: Date | C76: Course | D76: Score | E76: Hole 1 | F76: Hole 2 | G76: Hole 3 | H76: Hole 4 | I76: Hole 5 | J76: Hole 6 | K76: Hole 7 | L76: Hole 8 | M76: Hole 9
A77: Tyler | B77: 45457 | C77: Spring Lake Sandpiper Course | D77: =SUM('Golf Log'!$E77:$M77) -> 44 | E77: 6 | F77: 5 | G77: 4 | H77: 5 | I77: 4 | J77: 3 | K77: 5 | L77: 6 | M77: 6
A78: Tyler | B78: 45454 | C78: Bethpage Blue | D78: =SUM('Golf Log'!$E78:$M78) -> 47 | E78: 6 | F78: 5 | G78: 5 | H78: 6 | I78: 5 | J78: 5 | K78: 4 | L78: 6 | M78: 5

Sheet Putt Log
A1: Golfer | B1: Date | C1: Course | D1: Putts | E1: Hole 1 | F1: Hole 2 | G1: Hole 3 | H1: Hole 4 | I1: Hole 5 | J1: Hole 6 | K1: Hole 7 | L1: Hole 8 | M1: Hole 9 | N1: Hole 10 | O1: Hole 11 | P1: Hole 12 | Q1: Hole 13 | R1: Hole 14 | S1: Hole 15 | T1: Hole 16 | U1: Hole 17 | V1: Hole 18 | W1: Putts2 | X1: Fairways | Y1: GIR | Z1: Par 3 Avg | AA1: Par 4 Avg | AB1: Par 5 Avg
A2: Tyler | B2: 45735 | C2: Bethpage Green | D2: =SUM('Putt Log'!$E2:$V2) -> 31 | E2: 1 | F2: 2 | G2: 2 | H2: 2 | I2: 1 | J2: 2 | K2: 2 | L2: 1 | M2: 2 | N2: 2 | O2: 2 | P2: 2 | Q2: 2 | R2: 2 | S2: 1 | T2: 2 | U2: 2 | V2: 1 | W2: 31 | X2: 7 | Y2: 10 | Z2: {=SUMPRODUCT((_xlfn.XLOOKUP(C2, 'Course Stats'!A:A, 'Course Stats'!G:X)=3)*(E2:V2)) / COUNTIF(_xlfn.XLOOKUP(C2, 'Course Stats'!A:A, 'Course Stats'!G:X), 3)} -> 1.75 | AA2: {=SUMPRODUCT((_xlfn.XLOOKUP(C2, 'Course Stats'!A:A, 'Course Stats'!G:X)=4)*(E2:V2)) / COUNTIF(_xlfn.XLOOKUP(C2, 'Course Stats'!A:A, 'Course Stats'!G:X), 4)} -> 1.6363636 | AB2: {=SUMPRODUCT((_xlfn.XLOOKUP(C2, 'Course Stats'!A:A, 'Course Stats'!G:X)=5)*(E2:V2)) / COUNTIF(_xlfn.XLOOKUP(C2, 'Course Stats'!A:A, 'Course Stats'!G:X), 5)} -> 2
A3: Tyler | B3: 45655 | C3: Wailea Golf Club Emerald Course | D3: =SUM('Putt Log'!$E3:$V3) -> 34 | E3: 2 | F3: 3 | G3: 2 | H3: 2 | I3: 2 | J3: 2 | K3: 1 | L3: 2 | M3: 2 | N3: 2 | O3: 1 | P3: 2 | Q3: 2 | R3: 2 | S3: 1 | T3: 2 | U3: 2 | V3: 2 | W3: 34 | X3: 11 | Y3: 6 | Z3: {=SUMPRODUCT((_xlfn.XLOOKUP(C3, 'Course Stats'!A:A, 'Course Stats'!G:X)=3)*(E3:V3)) / COUNTIF(_xlfn.XLOOKUP(C3, 'Course Stats'!A:A, 'Course Stats'!G:X), 3)} -> 2 | AA3: {=SUMPRODUCT((_xlfn.XLOOKUP(C3, 'Course Stats'!A:A, 'Course Stats'!G:X)=4)*(E3:V3)) / COUNTIF(_xlfn.XLOOKUP(C3, 'Course Stats'!A:A, 'Course Stats'!G:X), 4)} -> 1.8 | AB3: {=SUMPRODUCT((_xlfn.XLOOKUP(C3, 'Course Stats'!A:A, 'Course Stats'!G:X)=5)*(E3:V3)) / COUNTIF(_xlfn.XLOOKUP(C3, 'Course Stats'!A:A, 'Course Stats'!G:X), 5)} -> 2
A4: Tyler | B4: 45653 | C4: Wailea Golf Club Gold Course | D4: =SUM('Putt Log'!$E4:$V4) -> 31 | E4: 2 | F4: 3 | G4: 2 | H4: 2 | I4: 1 | J4: 2 | K4: 1 | L4: 2 | M4: 2 | N4: 2 | O4: 2 | P4: 2 | Q4: 1 | R4: 1 | S4: 1 | T4: 2 | U4: 2 | V4: 1 | W4: 31 | X4: 3 | Y4: 5 | Z4: {=SUMPRODUCT((_xlfn.XLOOKUP(C4, 'Course Stats'!A:A, 'Course Stats'!G:X)=3)*(E4:V4)) / COUNTIF(_xlfn.XLOOKUP(C4, 'Course Stats'!A:A, 'Course Stats'!G:X), 3)} -> 2 | AA4: {=SUMPRODUCT((_xlfn.XLOOKUP(C4, 'Course Stats'!A:A, 'Course Stats'!G:X)=4)*(E4:V4)) / COUNTIF(_xlfn.XLOOKUP(C4, 'Course Stats'!A:A, 'Course Stats'!G:X), 4)} -> 1.7 | AB4: {=SUMPRODUCT((_xlfn.XLOOKUP(C4, 'Course Stats'!A:A, 'Course Stats'!G:X)=5)*(E4:V4)) / COUNTIF(_xlfn.XLOOKUP(C4, 'Course Stats'!A:A, 'Course Stats'!G:X), 5)} -> 1.5
A5: Tyler | B5: 45649 | C5: Ka'anapali Golf Resort Royal Course | D5: =SUM('Putt Log'!$E5:$V5) -> 35 | E5: 2 | F5: 3 | G5: 2 | H5: 2 | I5: 2 | J5: 2 | K5: 2 | L5: 2 | M5: 2 | N5: 1 | O5: 2 | P5: 2 | Q5: 1 | R5: 2 | S5: 2 | T5: 2 | U5: 2 | V5: 2 | W5: 35 | X5: 5 | Y5: 1 | Z5: {=SUMPRODUCT((_xlfn.XLOOKUP(C5, 'Course Stats'!A:A, 'Course Stats'!G:X)=3)*(E5:V5)) / COUNTIF(_xlfn.XLOOKUP(C5, 'Course Stats'!A:A, 'Course Stats'!G:X), 3)} -> 2.25 | AA5: {=SUMPRODUCT((_xlfn.XLOOKUP(C5, 'Course Stats'!A:A, 'Course Stats'!G:X)=4)*(E5:V5)) / COUNTIF(_xlfn.XLOOKUP(C5, 'Course Stats'!A:A, 'Course Stats'!G:X), 4)} -> 1.8181818 | AB5: {=SUMPRODUCT((_xlfn.XLOOKUP(C5, 'Course Stats'!A:A, 'Course Stats'!G:X)=5)*(E5:V5)) / COUNTIF(_xlfn.XLOOKUP(C5, 'Course Stats'!A:A, 'Course Stats'!G:X), 5)} -> 2
A6: Tyler | B6: 45580 | C6: Sebonack Golf Club | D6: =SUM('Putt Log'!$E6:$V6) -> 29 | E6: 3 | F6: 3 | G6: 1 | H6: 2 | I6: 1 | J6: 1 | K6: 1 | L6: 1 | M6: 2 | N6: 1 | O6: 2 | P6: 2 | Q6: 2 | R6: 2 | S6: 2 | T6: 1 | U6: 1 | V6: 1 | W6: 29 | X6: 6 | Y6: 5 | Z6: {=SUMPRODUCT((_xlfn.XLOOKUP(C6, 'Course Stats'!A:A, 'Course Stats'!G:X)=3)*(E6:V6)) / COUNTIF(_xlfn.XLOOKUP(C6, 'Course Stats'!A:A, 'Course Stats'!G:X), 3)} -> 1.5 | AA6: {=SUMPRODUCT((_xlfn.XLOOKUP(C6, 'Course Stats'!A:A, 'Course Stats'!G:X)=4)*(E6:V6)) / COUNTIF(_xlfn.XLOOKUP(C6, 'Course Stats'!A:A, 'Course Stats'!G:X), 4)} -> 1.6 | AB6: {=SUMPRODUCT((_xlfn.XLOOKUP(C6, 'Course Stats'!A:A, 'Course Stats'!G:X)=5)*(E6:V6)) / COUNTIF(_xlfn.XLOOKUP(C6, 'Course Stats'!A:A, 'Course Stats'!G:X), 5)} -> 1.75
A7: Tyler | B7: 45570 | C7: Bethpage Green | D7: =SUM('Putt Log'!$E7:$V7) -> 29 | E7: 2 | F7: 2 | G7: 0 | H7: 2 | I7: 2 | J7: 2 | K7: 2 | L7: 2 | M7: 1 | N7: 1 | O7: 2 | P7: 1 | Q7: 1 | R7: 3 | S7: 2 | T7: 1 | U7: 2 | V7: 1 | W7: 29 | X7: 5 | Y7: 5 | Z7: {=SUMPRODUCT((_xlfn.XLOOKUP(C7, 'Course Stats'!A:A, 'Course Stats'!G:X)=3)*(E7:V7)) / COUNTIF(_xlfn.XLOOKUP(C7, 'Course Stats'!A:A, 'Course Stats'!G:X), 3)} -> 1.5 | AA7: {=SUMPRODUCT((_xlfn.XLOOKUP(C7, 'Course Stats'!A:A, 'Course Stats'!G:X)=4)*(E7:V7)) / COUNTIF(_xlfn.XLOOKUP(C7, 'Course Stats'!A:A, 'Course Stats'!G:X), 4)} -> 1.7272727 | AB7: {=SUMPRODUCT((_xlfn.XLOOKUP(C7, 'Course Stats'!A:A, 'Course Stats'!G:X)=5)*(E7:V7)) / COUNTIF(_xlfn.XLOOKUP(C7, 'Course Stats'!A:A, 'Course Stats'!G:X), 5)} -> 1.3333333
A8: Tyler | B8: 45535 | C8: Bethpage Yellow | D8: =SUM('Putt Log'!$E8:$V8) -> 32 | E8: 2 | F8: 2 | G8: 2 | H8: 2 | I8: 1 | J8: 2 | K8: 2 | L8: 2 | M8: 1 | N8: 2 | O8: 2 | P8: 2 | Q8: 2 | R8: 1 | S8: 1 | T8: 2 | U8: 2 | V8: 2 | W8: 32 | X8: 6 | Y8: 3 | Z8: {=SUMPRODUCT((_xlfn.XLOOKUP(C8, 'Course Stats'!A:A, 'Course Stats'!G:X)=3)*(E8:V8)) / COUNTIF(_xlfn.XLOOKUP(C8, 'Course Stats'!A:A, 'Course Stats'!G:X), 3)} -> 1.75 | AA8: {=SUMPRODUCT((_xlfn.XLOOKUP(C8, 'Course Stats'!A:A, 'Course Stats'!G:X)=4)*(E8:V8)) / COUNTIF(_xlfn.XLOOKUP(C8, 'Course Stats'!A:A, 'Course Stats'!G:X), 4)} -> 1.7272727 | AB8: {=SUMPRODUCT((_xlfn.XLOOKUP(C8, 'Course Stats'!A:A, 'Course Stats'!G:X)=5)*(E8:V8)) / COUNTIF(_xlfn.XLOOKUP(C8, 'Course Stats'!A:A, 'Course Stats'!G:X), 5)} -> 2
A9: Tyler | B9: 45514 | C9: Brentwood Country Club | D9: =SUM('Putt Log'!$E9:$V9) -> 31 | E9: 2 | F9: 2 | G9: 2 | H9: 2 | I9: 1 | J9: 2 | K9: 2 | L9: 2 | M9: 2 | N9: 1 | O9: 1 | P9: 2 | Q9: 2 | R9: 2 | S9: 2 | T9: 2 | U9: 1 | V9: 1 | W9: 31 | X9: 6 | Y9: 4 | Z9: {=SUMPRODUCT((_xlfn.XLOOKUP(C9, 'Course Stats'!A:A, 'Course Stats'!G:X)=3)*(E9:V9)) / COUNTIF(_xlfn.XLOOKUP(C9, 'Course Stats'!A:A, 'Course Stats'!G:X), 3)} -> 1.6666667 | AA9: {=SUMPRODUCT((_xlfn.XLOOKUP(C9, 'Course Stats'!A:A, 'Course Stats'!G:X)=4)*(E9:V9)) / COUNTIF(_xlfn.XLOOKUP(C9, 'Course Stats'!A:A, 'Course Stats'!G:X), 4)} -> 1.75 | AB9: {=SUMPRODUCT((_xlfn.XLOOKUP(C9, 'Course Stats'!A:A, 'Course Stats'!G:X)=5)*(E9:V9)) / COUNTIF(_xlfn.XLOOKUP(C9, 'Course Stats'!A:A, 'Course Stats'!G:X), 5)} -> 1.6666667
A10: Tyler | B10: 45502 | C10: Bethpage Green | D10: =SUM('Putt Log'!$E10:$V10) -> 29 | E10: 2 | F10: 2 | G10: 2 | H10: 1 | I10: 1 | J10: 2 | K10: 1 | L10: 2 | M10: 1 | N10: 1 | O10: 1 | P10: 2 | Q10: 2 | R10: 2 | S10: 2 | T10: 1 | U10: 2 | V10: 2 | W10: 29 | X10: 6 | Y10: 4 | Z10: {=SUMPRODUCT((_xlfn.XLOOKUP(C10, 'Course Stats'!A:A, 'Course Stats'!G:X)=3)*(E10:V10)) / COUNTIF(_xlfn.XLOOKUP(C10, 'Course Stats'!A:A, 'Course Stats'!G:X), 3)} -> 1.75 | AA10: {=SUMPRODUCT((_xlfn.XLOOKUP(C10, 'Course Stats'!A:A, 'Course Stats'!G:X)=4)*(E10:V10)) / COUNTIF(_xlfn.XLOOKUP(C10, 'Course Stats'!A:A, 'Course Stats'!G:X), 4)} -> 1.6363636 | AB10: {=SUMPRODUCT((_xlfn.XLOOKUP(C10, 'Course Stats'!A:A, 'Course Stats'!G:X)=5)*(E10:V10)) / COUNTIF(_xlfn.XLOOKUP(C10, 'Course Stats'!A:A, 'Course Stats'!G:X), 5)} -> 1.3333333
A11: Tyler | B11: 45496 | C11: Brentwood Country Club | D11: =SUM('Putt Log'!$E11:$V11) -> 27 | E11: 1 | F11: 1 | G11: 2 | H11: 1 | I11: 2 | J11: 2 | K11: 2 | L11: 2 | M11: 2 | N11: 2 | O11: 1 | P11: 2 | Q11: 1 | R11: 1 | S11: 1 | T11: 1 | U11: 1 | V11: 2 | W11: 27 | X11: 9 | Y11: 3 | Z11: {=SUMPRODUCT((_xlfn.XLOOKUP(C11, 'Course Stats'!A:A, 'Course Stats'!G:X)=3)*(E11:V11)) / COUNTIF(_xlfn.XLOOKUP(C11, 'Course Stats'!A:A, 'Course Stats'!G:X), 3)} -> 1.6666667 | AA11: {=SUMPRODUCT((_xlfn.XLOOKUP(C11, 'Course Stats'!A:A, 'Course Stats'!G:X)=4)*(E11:V11)) / COUNTIF(_xlfn.XLOOKUP(C11, 'Course Stats'!A:A, 'Course Stats'!G:X), 4)} -> 1.5833333 | AB11: {=SUMPRODUCT((_xlfn.XLOOKUP(C11, 'Course Stats'!A:A, 'Course Stats'!G:X)=5)*(E11:V11)) / COUNTIF(_xlfn.XLOOKUP(C11, 'Course Stats'!A:A, 'Course Stats'!G:X), 5)} -> 1
A12: Tyler | B12: 45492 | C12: Brentwood Country Club | D12: =SUM('Putt Log'!$E12:$V12) -> 29 | E12: 2 | F12: 2 | G12: 2 | H12: 2 | I12: 1 | J12: 1 | K12: 1 | L12: 1 | M12: 2 | N12: 2 | O12: 2 | P12: 2 | Q12: 2 | R12: 1 | S12: 2 | T12: 1 | U12: 1 | V12: 2 | W12: 29 | X12: 8 | Y12: 5 | Z12: {=SUMPRODUCT((_xlfn.XLOOKUP(C12, 'Course Stats'!A:A, 'Course Stats'!G:X)=3)*(E12:V12)) / COUNTIF(_xlfn.XLOOKUP(C12, 'Course Stats'!A:A, 'Course Stats'!G:X), 3)} -> 1.3333333 | AA12: {=SUMPRODUCT((_xlfn.XLOOKUP(C12, 'Course Stats'!A:A, 'Course Stats'!G:X)=4)*(E12:V12)) / COUNTIF(_xlfn.XLOOKUP(C12, 'Course Stats'!A:A, 'Course Stats'!G:X), 4)} -> 1.6666667 | AB12: {=SUMPRODUCT((_xlfn.XLOOKUP(C12, 'Course Stats'!A:A, 'Course Stats'!G:X)=5)*(E12:V12)) / COUNTIF(_xlfn.XLOOKUP(C12, 'Course Stats'!A:A, 'Course Stats'!G:X), 5)} -> 1.6666667
A13: Tyler | B13: 45487 | C13: Bethpage Green | D13: =SUM('Putt Log'!$E13:$V13) -> 29 | E13: 1 | F13: 2 | G13: 1 | H13: 2 | I13: 1 | J13: 2 | K13: 2 | L13: 2 | M13: 2 | N13: 1 | O13: 2 | P13: 1 | Q13: 2 | R13: 2 | S13: 2 | T13: 1 | U13: 1 | V13: 2 | W13: 29 | X13: 3 | Y13: 6 | Z13: {=SUMPRODUCT((_xlfn.XLOOKUP(C13, 'Course Stats'!A:A, 'Course Stats'!G:X)=3)*(E13:V13)) / COUNTIF(_xlfn.XLOOKUP(C13, 'Course Stats'!A:A, 'Course Stats'!G:X), 3)} -> 1.75 | AA13: {=SUMPRODUCT((_xlfn.XLOOKUP(C13, 'Course Stats'!A:A, 'Course Stats'!G:X)=4)*(E13:V13)) / COUNTIF(_xlfn.XLOOKUP(C13, 'Course Stats'!A:A, 'Course Stats'!G:X), 4)} -> 1.4545455 | AB13: {=SUMPRODUCT((_xlfn.XLOOKUP(C13, 'Course Stats'!A:A, 'Course Stats'!G:X)=5)*(E13:V13)) / COUNTIF(_xlfn.XLOOKUP(C13, 'Course Stats'!A:A, 'Course Stats'!G:X), 5)} -> 2
... A49: Ryan | B49: 45453 | C49: Willow Creek Hamlet Course | D49: =SUM('Putt Log'!$E49:$V49) -> 35 | E49: 1 | F49: 2 | G49: 1 | H49: 3 | I49: 2 | J49: 2 | K49: 2 | L49: 3 | M49: 2 | N49: 2 | O49: 1 | P49: 2 | Q49: 2 | R49: 2 | S49: 2 | T49: 2 | U49: 2 | V49: 2 | W49: 35 | X49: 0 | Y49: 1 | Z49: {=SUMPRODUCT((_xlfn.XLOOKUP(C49, 'Course Stats'!A:A, 'Course Stats'!G:X)=3)*(E49:V49)) / COUNTIF(_xlfn.XLOOKUP(C49, 'Course Stats'!A:A, 'Course Stats'!G:X), 3)} -> 2 | AA49: {=SUMPRODUCT((_xlfn.XLOOKUP(C49, 'Course Stats'!A:A, 'Course Stats'!G:X)=4)*(E49:V49)) / COUNTIF(_xlfn.XLOOKUP(C49, 'Course Stats'!A:A, 'Course Stats'!G:X), 4)} -> 1.8888889 | AB49: {=SUMPRODUCT((_xlfn.XLOOKUP(C49, 'Course Stats'!A:A, 'Course Stats'!G:X)=5)*(E49:V49)) / COUNTIF(_xlfn.XLOOKUP(C49, 'Course Stats'!A:A, 'Course Stats'!G:X), 5)} -> 2
A50: Rich | B50: 45156 | C50: Middle Island Country Club - Oak and Spruce | D50: =SUM('Putt Log'!$E50:$V50) -> 31 | E50: 1 | F50: 2 | G50: 2 | H50: 3 | I50: 1 | J50: 2 | K50: 2 | L50: 1 | M50: 1 | N50: 2 | O50: 2 | P50: 2 | Q50: 1 | R50: 2 | S50: 1 | T50: 1 | U50: 2 | V50: 3 | W50: 31 | Z50: {=SUMPRODUCT((_xlfn.XLOOKUP(C50, 'Course Stats'!A:A, 'Course Stats'!G:X)=3)*(E50:V50)) / COUNTIF(_xlfn.XLOOKUP(C50, 'Course Stats'!A:A, 'Course Stats'!G:X), 3)} -> 1.75 | AA50: {=SUMPRODUCT((_xlfn.XLOOKUP(C50, 'Course Stats'!A:A, 'Course Stats'!G:X)=4)*(E50:V50)) / COUNTIF(_xlfn.XLOOKUP(C50, 'Course Stats'!A:A, 'Course Stats'!G:X), 4)} -> 1.8181818 | AB50: {=SUMPRODUCT((_xlfn.XLOOKUP(C50, 'Course Stats'!A:A, 'Course Stats'!G:X)=5)*(E50:V50)) / COUNTIF(_xlfn.XLOOKUP(C50, 'Course Stats'!A:A, 'Course Stats'!G:X), 5)} -> 1.3333333
A51: Rich | B51: 45465 | C51: Wind Watch Hamlet Course | D51: =SUM('Putt Log'!$E51:$V51) -> 34 | E51: 1 | F51: 1 | G51: 2 | H51: 2 | I51: 2 | J51: 2 | K51: 2 | L51: 2 | M51: 2 | N51: 2 | O51: 2 | P51: 2 | Q51: 2 | R51: 2 | S51: 1 | T51: 3 | U51: 2 | V51: 2 | W51: 34 | X51: 0 | Y51: 1 | Z51: {=SUMPRODUCT((_xlfn.XLOOKUP(C51, 'Course Stats'!A:A, 'Course Stats'!G:X)=3)*(E51:V51)) / COUNTIF(_xlfn.XLOOKUP(C51, 'Course Stats'!A:A, 'Course Stats'!G:X), 3)} -> 2 | AA51: {=SUMPRODUCT((_xlfn.XLOOKUP(C51, 'Course Stats'!A:A, 'Course Stats'!G:X)=4)*(E51:V51)) / COUNTIF(_xlfn.XLOOKUP(C51, 'Course Stats'!A:A, 'Course Stats'!G:X), 4)} -> 2 | AB51: {=SUMPRODUCT((_xlfn.XLOOKUP(C51, 'Course Stats'!A:A, 'Course Stats'!G:X)=5)*(E51:V51)) / COUNTIF(_xlfn.XLOOKUP(C51, 'Course Stats'!A:A, 'Course Stats'!G:X), 5)} -> 1.5
A52: Rich | B52: 45514 | C52: Brentwood Country Club | D52: =SUM('Putt Log'!$E52:$V52) -> 28 | E52: 1 | F52: 1 | G52: 1 | H52: 1 | I52: 2 | J52: 2 | K52: 2 | L52: 1 | M52: 2 | N52: 2 | O52: 2 | P52: 2 | Q52: 2 | R52: 1 | S52: 2 | T52: 1 | U52: 1 | V52: 2 | W52: 28 | X52: 4 | Y52: 1 | Z52: {=SUMPRODUCT((_xlfn.XLOOKUP(C52, 'Course Stats'!A:A, 'Course Stats'!G:X)=3)*(E52:V52)) / COUNTIF(_xlfn.XLOOKUP(C52, 'Course Stats'!A:A, 'Course Stats'!G:X), 3)} -> 1.3333333 | AA52: {=SUMPRODUCT((_xlfn.XLOOKUP(C52, 'Course Stats'!A:A, 'Course Stats'!G:X)=4)*(E52:V52)) / COUNTIF(_xlfn.XLOOKUP(C52, 'Course Stats'!A:A, 'Course Stats'!G:X), 4)} -> 1.75 | AB52: {=SUMPRODUCT((_xlfn.XLOOKUP(C52, 'Course Stats'!A:A, 'Course Stats'!G:X)=5)*(E52:V52)) / COUNTIF(_xlfn.XLOOKUP(C52, 'Course Stats'!A:A, 'Course Stats'!G:X), 5)} -> 1
A53: Rich | B53: 45892 | C53: Spring Lake Thunderbird | D53: =SUM('Putt Log'!$E53:$V53) -> 38 | E53: 2 | F53: 2 | G53: 2 | H53: 2 | I53: 1 | J53: 2 | K53: 2 | L53: 3 | M53: 2 | N53: 3 | O53: 2 | P53: 2 | Q53: 2 | R53: 2 | S53: 3 | T53: 2 | U53: 2 | V53: 2 | W53: 38 | X53: 8 | Y53: 6 | Z53: {=SUMPRODUCT((_xlfn.XLOOKUP(C53, 'Course Stats'!A:A, 'Course Stats'!G:X)=3)*(E53:V53)) / COUNTIF(_xlfn.XLOOKUP(C53, 'Course Stats'!A:A, 'Course Stats'!G:X), 3)} -> 2 | AA53: {=SUMPRODUCT((_xlfn.XLOOKUP(C53, 'Course Stats'!A:A, 'Course Stats'!G:X)=4)*(E53:V53)) / COUNTIF(_xlfn.XLOOKUP(C53, 'Course Stats'!A:A, 'Course Stats'!G:X), 4)} -> 2.2 | AB53: {=SUMPRODUCT((_xlfn.XLOOKUP(C53, 'Course Stats'!A:A, 'Course Stats'!G:X)=5)*(E53:V53)) / COUNTIF(_xlfn.XLOOKUP(C53, 'Course Stats'!A:A, 'Course Stats'!G:X), 5)} -> 2
A54: Rich | B54: 45886 | C54: Spring Lake Thunderbird | D54: =SUM('Putt Log'!$E54:$V54) -> 39 | E54: 3 | F54: 3 | G54: 2 | H54: 3 | I54: 2 | J54: 2 | K54: 2 | L54: 2 | M54: 2 | N54: 2 | O54: 2 | P54: 1 | Q54: 2 | R54: 2 | S54: 2 | T54: 2 | U54: 3 | V54: 2 | W54: 39 | X54: 8 | Y54: 8 | Z54: {=SUMPRODUCT((_xlfn.XLOOKUP(C54, 'Course Stats'!A:A, 'Course Stats'!G:X)=3)*(E54:V54)) / COUNTIF(_xlfn.XLOOKUP(C54, 'Course Stats'!A:A, 'Course Stats'!G:X), 3)} -> 2 | AA54: {=SUMPRODUCT((_xlfn.XLOOKUP(C54, 'Course Stats'!A:A, 'Course Stats'!G:X)=4)*(E54:V54)) / COUNTIF(_xlfn.XLOOKUP(C54, 'Course Stats'!A:A, 'Course Stats'!G:X), 4)} -> 2.2 | AB54: {=SUMPRODUCT((_xlfn.XLOOKUP(C54, 'Course Stats'!A:A, 'Course Stats'!G:X)=5)*(E54:V54)) / COUNTIF(_xlfn.XLOOKUP(C54, 'Course Stats'!A:A, 'Course Stats'!G:X), 5)} -> 2.25
A55: Rich | B55: 45897 | C55: Spring Lake Thunderbird | D55: =SUM('Putt Log'!$E55:$V55) -> 32 | E55: 2 | F55: 1 | G55: 2 | H55: 2 | I55: 2 | J55: 1 | K55: 1 | L55: 2 | M55: 2 | N55: 2 | O55: 2 | P55: 2 | Q55: 2 | R55: 1 | S55: 2 | T55: 2 | U55: 2 | V55: 2 | W55: 32 | X55: 5 | Y55: 0 | Z55: {=SUMPRODUCT((_xlfn.XLOOKUP(C55, 'Course Stats'!A:A, 'Course Stats'!G:X)=3)*(E55:V55)) / COUNTIF(_xlfn.XLOOKUP(C55, 'Course Stats'!A:A, 'Course Stats'!G:X), 3)} -> 1.75 | AA55: {=SUMPRODUCT((_xlfn.XLOOKUP(C55, 'Course Stats'!A:A, 'Course Stats'!G:X)=4)*(E55:V55)) / COUNTIF(_xlfn.XLOOKUP(C55, 'Course Stats'!A:A, 'Course Stats'!G:X), 4)} -> 1.7 | AB55: {=SUMPRODUCT((_xlfn.XLOOKUP(C55, 'Course Stats'!A:A, 'Course Stats'!G:X)=5)*(E55:V55)) / COUNTIF(_xlfn.XLOOKUP(C55, 'Course Stats'!A:A, 'Course Stats'!G:X), 5)} -> 2
A56: Rich | B56: 45829 | C56: Brentwood Country Club | D56: =SUM('Putt Log'!$E56:$V56) -> 34 | E56: 2 | F56: 1 | G56: 2 | H56: 2 | I56: 2 | J56: 2 | K56: 2 | L56: 2 | M56: 2 | N56: 2 | O56: 2 | P56: 2 | Q56: 2 | R56: 1 | S56: 2 | T56: 2 | U56: 2 | V56: 2 | W56: 34 | X56: 1 | Y56: 6 | Z56: {=SUMPRODUCT((_xlfn.XLOOKUP(C56, 'Course Stats'!A:A, 'Course Stats'!G:X)=3)*(E56:V56)) / COUNTIF(_xlfn.XLOOKUP(C56, 'Course Stats'!A:A, 'Course Stats'!G:X), 3)} -> 1.6666667 | AA56: {=SUMPRODUCT((_xlfn.XLOOKUP(C56, 'Course Stats'!A:A, 'Course Stats'!G:X)=4)*(E56:V56)) / COUNTIF(_xlfn.XLOOKUP(C56, 'Course Stats'!A:A, 'Course Stats'!G:X), 4)} -> 1.9166667 | AB56: {=SUMPRODUCT((_xlfn.XLOOKUP(C56, 'Course Stats'!A:A, 'Course Stats'!G:X)=5)*(E56:V56)) / COUNTIF(_xlfn.XLOOKUP(C56, 'Course Stats'!A:A, 'Course Stats'!G:X), 5)} -> 2
A57: Rich | B57: 45857 | C57: Bethpage Green | D57: =SUM('Putt Log'!$E57:$V57) -> 35 | E57: 2 | F57: 2 | G57: 2 | H57: 2 | I57: 2 | J57: 2 | K57: 2 | L57: 1 | M57: 2 | N57: 2 | O57: 2 | P57: 2 | Q57: 2 | R57: 2 | S57: 2 | T57: 1 | U57: 3 | V57: 2 | W57: 35 | X57: 6 | Y57: 8 | Z57: {=SUMPRODUCT((_xlfn.XLOOKUP(C57, 'Course Stats'!A:A, 'Course Stats'!G:X)=3)*(E57:V57)) / COUNTIF(_xlfn.XLOOKUP(C57, 'Course Stats'!A:A, 'Course Stats'!G:X), 3)} -> 2 | AA57: {=SUMPRODUCT((_xlfn.XLOOKUP(C57, 'Course Stats'!A:A, 'Course Stats'!G:X)=4)*(E57:V57)) / COUNTIF(_xlfn.XLOOKUP(C57, 'Course Stats'!A:A, 'Course Stats'!G:X), 4)} -> 1.9090909 | AB57: {=SUMPRODUCT((_xlfn.XLOOKUP(C57, 'Course Stats'!A:A, 'Course Stats'!G:X)=5)*(E57:V57)) / COUNTIF(_xlfn.XLOOKUP(C57, 'Course Stats'!A:A, 'Course Stats'!G:X), 5)} -> 2
A58: Rich | B58: 45844 | C58: Bethpage Green | D58: =SUM('Putt Log'!$E58:$V58) -> 31 | E58: 2 | F58: 2 | G58: 2 | H58: 2 | I58: 2 | J58: 1 | K58: 1 | L58: 1 | M58: 2 | N58: 1 | O58: 2 | P58: 2 | Q58: 2 | R58: 2 | S58: 1 | T58: 2 | U58: 2 | V58: 2 | W58: 31 | X58: 6 | Y58: 3 | Z58: {=SUMPRODUCT((_xlfn.XLOOKUP(C58, 'Course Stats'!A:A, 'Course Stats'!G:X)=3)*(E58:V58)) / COUNTIF(_xlfn.XLOOKUP(C58, 'Course Stats'!A:A, 'Course Stats'!G:X), 3)} -> 1.5 | AA58: {=SUMPRODUCT((_xlfn.XLOOKUP(C58, 'Course Stats'!A:A, 'Course Stats'!G:X)=4)*(E58:V58)) / COUNTIF(_xlfn.XLOOKUP(C58, 'Course Stats'!A:A, 'Course Stats'!G:X), 4)} -> 1.8181818 | AB58: {=SUMPRODUCT((_xlfn.XLOOKUP(C58, 'Course Stats'!A:A, 'Course Stats'!G:X)=5)*(E58:V58)) / COUNTIF(_xlfn.XLOOKUP(C58, 'Course Stats'!A:A, 'Course Stats'!G:X), 5)} -> 1.6666667
A59: Rich | B59: 45653 | C59: Wailea Golf Club Gold Course | D59: =SUM('Putt Log'!$E59:$V59) -> 36 | E59: 2 | F59: 2 | G59: 2 | H59: 2 | I59: 2 | J59: 2 | K59: 2 | L59: 2 | M59: 2 | N59: 2 | O59: 2 | P59: 2 | Q59: 2 | R59: 2 | S59: 2 | T59: 2 | U59: 2 | V59: 2 | W59: 36 | X59: 3 | Y59: 2 | Z59: {=SUMPRODUCT((_xlfn.XLOOKUP(C59, 'Course Stats'!A:A, 'Course Stats'!G:X)=3)*(E59:V59)) / COUNTIF(_xlfn.XLOOKUP(C59, 'Course Stats'!A:A, 'Course Stats'!G:X), 3)} -> 2 | AA59: {=SUMPRODUCT((_xlfn.XLOOKUP(C59, 'Course Stats'!A:A, 'Course Stats'!G:X)=4)*(E59:V59)) / COUNTIF(_xlfn.XLOOKUP(C59, 'Course Stats'!A:A, 'Course Stats'!G:X), 4)} -> 2 | AB59: {=SUMPRODUCT((_xlfn.XLOOKUP(C59, 'Course Stats'!A:A, 'Course Stats'!G:X)=5)*(E59:V59)) / COUNTIF(_xlfn.XLOOKUP(C59, 'Course Stats'!A:A, 'Course Stats'!G:X), 5)} -> 2
A60: Rich | B60: 45655 | C60: Wailea Golf Club Emerald Course | D60: =SUM('Putt Log'!$E60:$V60) -> 36 | E60: 2 | F60: 3 | G60: 1 | H60: 1 | I60: 2 | J60: 2 | K60: 2 | L60: 2 | M60: 1 | N60: 3 | O60: 3 | P60: 2 | Q60: 2 | R60: 2 | S60: 2 | T60: 2 | U60: 2 | V60: 2 | W60: 36 | X60: 3 | Y60: 4 | Z60: {=SUMPRODUCT((_xlfn.XLOOKUP(C60, 'Course Stats'!A:A, 'Course Stats'!G:X)=3)*(E60:V60)) / COUNTIF(_xlfn.XLOOKUP(C60, 'Course Stats'!A:A, 'Course Stats'!G:X), 3)} -> 1.75 | AA60: {=SUMPRODUCT((_xlfn.XLOOKUP(C60, 'Course Stats'!A:A, 'Course Stats'!G:X)=4)*(E60:V60)) / COUNTIF(_xlfn.XLOOKUP(C60, 'Course Stats'!A:A, 'Course Stats'!G:X), 4)} -> 2 | AB60: {=SUMPRODUCT((_xlfn.XLOOKUP(C60, 'Course Stats'!A:A, 'Course Stats'!G:X)=5)*(E60:V60)) / COUNTIF(_xlfn.XLOOKUP(C60, 'Course Stats'!A:A, 'Course Stats'!G:X), 5)} -> 2.25
A61: Rich | B61: 45649 | C61: Ka'anapali Golf Resort Royal Course | D61: =SUM('Putt Log'!$E61:$V61) -> 37 | E61: 2 | F61: 2 | G61: 1 | H61: 2 | I61: 2 | J61: 2 | K61: 2 | L61: 2 | M61: 2 | N61: 2 | O61: 2 | P61: 2 | Q61: 3 | R61: 3 | S61: 2 | T61: 2 | U61: 2 | V61: 2 | W61: 37 | X61: 3 | Y61: 3 | Z61: {=SUMPRODUCT((_xlfn.XLOOKUP(C61, 'Course Stats'!A:A, 'Course Stats'!G:X)=3)*(E61:V61)) / COUNTIF(_xlfn.XLOOKUP(C61, 'Course Stats'!A:A, 'Course Stats'!G:X), 3)} -> 2 | AA61: {=SUMPRODUCT((_xlfn.XLOOKUP(C61, 'Course Stats'!A:A, 'Course Stats'!G:X)=4)*(E61:V61)) / COUNTIF(_xlfn.XLOOKUP(C61, 'Course Stats'!A:A, 'Course Stats'!G:X), 4)} -> 2.0909091 | AB61: {=SUMPRODUCT((_xlfn.XLOOKUP(C61, 'Course Stats'!A:A, 'Course Stats'!G:X)=5)*(E61:V61)) / COUNTIF(_xlfn.XLOOKUP(C61, 'Course Stats'!A:A, 'Course Stats'!G:X), 5)} -> 2
A62: Rich | B62: 45570 | C62: Bethpage Green | D62: =SUM('Putt Log'!$E62:$V62) -> 38 | E62: 2 | F62: 2 | G62: 3 | H62: 2 | I62: 2 | J62: 2 | K62: 3 | L62: 2 | M62: 3 | N62: 1 | O62: 2 | P62: 3 | Q62: 2 | R62: 1 | S62: 3 | T62: 2 | U62: 1 | V62: 2 | W62: 38 | X62: 2 | Y62: 6 | Z62: {=SUMPRODUCT((_xlfn.XLOOKUP(C62, 'Course Stats'!A:A, 'Course Stats'!G:X)=3)*(E62:V62)) / COUNTIF(_xlfn.XLOOKUP(C62, 'Course Stats'!A:A, 'Course Stats'!G:X), 3)} -> 2.5 | AA62: {=SUMPRODUCT((_xlfn.XLOOKUP(C62, 'Course Stats'!A:A, 'Course Stats'!G:X)=4)*(E62:V62)) / COUNTIF(_xlfn.XLOOKUP(C62, 'Course Stats'!A:A, 'Course Stats'!G:X), 4)} -> 1.8181818 | AB62: {=SUMPRODUCT((_xlfn.XLOOKUP(C62, 'Course Stats'!A:A, 'Course Stats'!G:X)=5)*(E62:V62)) / COUNTIF(_xlfn.XLOOKUP(C62, 'Course Stats'!A:A, 'Course Stats'!G:X), 5)} -> 2.6666667
... A72: Ryan | B72: 46185 | C72: Swan Lake | D72: =SUM('Putt Log'!$E72:$V72) -> 41 | E72: 2 | F72: 2 | G72: 2 | H72: 2 | I72: 3 | J72: 2 | K72: 3 | L72: 3 | M72: 3 | N72: 1 | O72: 3 | P72: 2 | Q72: 3 | R72: 2 | S72: 2 | T72: 2 | U72: 2 | V72: 2 | W72: 41 | X72: 4 | Y72: 4 | Z72: {=SUMPRODUCT((_xlfn.XLOOKUP(C72, 'Course Stats'!A:A, 'Course Stats'!G:X)=3)*(E72:V72)) / COUNTIF(_xlfn.XLOOKUP(C72, 'Course Stats'!A:A, 'Course Stats'!G:X), 3)} -> 2.25 | AA72: {=SUMPRODUCT((_xlfn.XLOOKUP(C72, 'Course Stats'!A:A, 'Course Stats'!G:X)=4)*(E72:V72)) / COUNTIF(_xlfn.XLOOKUP(C72, 'Course Stats'!A:A, 'Course Stats'!G:X), 4)} -> 2.4 | AB72: {=SUMPRODUCT((_xlfn.XLOOKUP(C72, 'Course Stats'!A:A, 'Course Stats'!G:X)=5)*(E72:V72)) / COUNTIF(_xlfn.XLOOKUP(C72, 'Course Stats'!A:A, 'Course Stats'!G:X), 5)} -> 2
A75: Golfer | B75: Date | C75: Course | D75: Putts | E75: Hole 1 | F75: Hole 2 | G75: Hole 3 | H75: Hole 4 | I75: Hole 5 | J75: Hole 6 | K75: Hole 7 | L75: Hole 8 | M75: Hole 9
A76: Tyler | B76: 45457 | C76: Spring Lake Sandpiper Course | D76: =SUM('Putt Log'!$E76:$M76) -> 16 | E76: 3 | F76: 2 | G76: 1 | H76: 2 | I76: 1 | J76: 1 | K76: 2 | L76: 2 | M76: 2
A77: Tyler | B77: 45454 | C77: Bethpage Blue | D77: =SUM('Putt Log'!$E77:$M77) -> 14 | E77: 2 | F77: 1 | G77: 2 | H77: 2 | I77: 1 | J77: 1 | K77: 1 | L77: 2 | M77: 2

Sheet Fairway Log
A1: Golfer | B1: Date | C1: Course | D1: Fairways | E1: Hole 1 | F1: Hole 2 | G1: Hole 3 | H1: Hole 4 | I1: Hole 5 | J1: Hole 6 | K1: Hole 7 | L1: Hole 8 | M1: Hole 9 | N1: Hole 10 | O1: Hole 11 | P1: Hole 12 | Q1: Hole 13 | R1: Hole 14 | S1: Hole 15 | T1: Hole 16 | U1: Hole 17 | V1: Hole 18 | W1: Fairway %
A2: Tyler | B2: 45735 | C2: Bethpage Green | D2: =SUM('Fairway Log'!$E2:$V2) -> 7 | E2: 1 | F2: → | H2: 1 | I2: ← | K2: ← | L2: 1 | M2: 1 | N2: → | P2: 1 | Q2: 1 | R2: → | T2: → | U2: 1 | V2: → | W2: =IFERROR(COUNTIF('Fairway Log'!$E2:$V2,1)/COUNTA('Fairway Log'!$E2:$V2),"") -> 0.5
A3: Tyler | B3: 45655 | C3: Wailea Golf Club Emerald Course | D3: =SUM('Fairway Log'!$E3:$V3) -> 11 | E3: → | F3: 1 | H3: 1 | I3: 1 | J3: 1 | K3: → | M3: 1 | N3: 1 | O3: 1 | P3: 1 | R3: → | S3: 1 | U3: 1 | V3: 1 | W3: =IFERROR(COUNTIF('Fairway Log'!$E3:$V3,1)/COUNTA('Fairway Log'!$E3:$V3),"") -> 0.78571429
A4: Tyler | B4: 45653 | C4: Wailea Golf Club Gold Course | D4: =SUM('Fairway Log'!$E4:$V4) -> 8 | E4: 1 | F4: 1 | H4: 1 | I4: ← | J4: → | K4: 1 | M4: 1 | N4: 1 | P4: ← | Q4: → | R4: → | S4: → | U4: 1 | V4: 1 | W4: =IFERROR(COUNTIF('Fairway Log'!$E4:$V4,1)/COUNTA('Fairway Log'!$E4:$V4),"") -> 0.57142857
A5: Tyler | B5: 45649 | C5: Ka'anapali Golf Resort Royal Course | D5: =SUM('Fairway Log'!$E5:$V5) -> 5 | E5: ↓ | G5: → | H5: ↓ | I5: 0 | J5: ← | K5: → | M5: → | N5: ← | O5: 1 | P5: 1 | Q5: 1 | R5: 1 | T5: → | V5: 1 | W5: =IFERROR(COUNTIF('Fairway Log'!$E5:$V5,1)/COUNTA('Fairway Log'!$E5:$V5),"") -> 0.35714286
A6: Tyler | B6: 45580 | C6: Sebonack Golf Club | D6: =SUM('Fairway Log'!$E6:$V6) -> 6 | E6: ← | F6: 1 | G6: → | I6: 1 | J6: → | K6: ← | M6: 1 | N6: 1 | O6: ← | Q6: → | R6: 1 | S6: 1 | T6: → | V6: → | W6: =IFERROR(COUNTIF('Fairway Log'!$E6:$V6,1)/COUNTA('Fairway Log'!$E6:$V6),"") -> 0.42857143
A7: Tyler | B7: 45570 | C7: Bethpage Green | D7: =SUM('Fairway Log'!$E7:$V7) -> 5 | E7: ← | F7: → | H7: → | I7: ↑ | K7: 1 | L7: 1 | M7: 1 | N7: ↑ | P7: → | Q7: → | R7: 1 | T7: → | U7: → | V7: 1 | W7: =IFERROR(COUNTIF('Fairway Log'!$E7:$V7,1)/COUNTA('Fairway Log'!$E7:$V7),"") -> 0.35714286
A8: Tyler | B8: 45535 | C8: Bethpage Yellow | D8: =SUM('Fairway Log'!$E8:$V8) -> 6 | E8: 1 | F8: → | G8: ↓ | I8: ↓ | J8: 1 | L8: → | M8: → | N8: 1 | P8: 1 | Q8: → | S8: → | T8: 1 | U8: 1 | V8: → | W8: =IFERROR(COUNTIF('Fairway Log'!$E8:$V8,1)/COUNTA('Fairway Log'!$E8:$V8),"") -> 0.42857143
A9: Tyler | B9: 45514 | C9: Brentwood Country Club | D9: =SUM('Fairway Log'!$E9:$V9) -> 6 | E9: → | F9: 1 | H9: ↓ | J9: ← | K9: ← | L9: 1 | M9: 1 | N9: → | O9: → | P9: ← | Q9: → | S9: 1 | T9: 1 | U9: → | V9: 1 | W9: =IFERROR(COUNTIF('Fairway Log'!$E9:$V9,1)/COUNTA('Fairway Log'!$E9:$V9),"") -> 0.4
A10: Tyler | B10: 45502 | C10: Bethpage Green | D10: =SUM('Fairway Log'!$E10:$V10) -> 6 | E10: ← | F10: → | H10: → | I10: → | K10: 1 | L10: 1 | M10: → | N10: 1 | P10: 1 | Q10: → | R10: → | T10: 1 | U10: 1 | V10: → | W10: =IFERROR(COUNTIF('Fairway Log'!$E10:$V10,1)/COUNTA('Fairway Log'!$E10:$V10),"") -> 0.42857143
A11: Tyler | B11: 45496 | C11: Brentwood Country Club | D11: =SUM('Fairway Log'!$E11:$V11) -> 9 | E11: 1 | F11: 1 | H11: 1 | J11: → | K11: → | L11: → | M11: 1 | N11: ← | O11: ← | P11: 1 | Q11: 1 | S11: → | T11: 1 | U11: 1 | V11: 1 | W11: =IFERROR(COUNTIF('Fairway Log'!$E11:$V11,1)/COUNTA('Fairway Log'!$E11:$V11),"") -> 0.6
A12: Tyler | B12: 45492 | C12: Brentwood Country Club | D12: =SUM('Fairway Log'!$E12:$V12) -> 8 | E12: 1 | F12: → | H12: 1 | J12: ← | K12: → | L12: → | M12: 1 | N12: 1 | O12: 1 | P12: 1 | Q12: 1 | S12: → | T12: 1 | U12: → | V12: → | W12: =IFERROR(COUNTIF('Fairway Log'!$E12:$V12,1)/COUNTA('Fairway Log'!$E12:$V12),"") -> 0.53333333
A13: Tyler | B13: 45487 | C13: Bethpage Green | D13: =SUM('Fairway Log'!$E13:$V13) -> 3 | E13: 1 | F13: → | H13: ← | I13: 1 | K13: 1 | L13: ← | M13: ← | N13: ← | P13: ↑ | Q13: → | R13: → | T13: → | U13: ← | V13: → | W13: =IFERROR(COUNTIF('Fairway Log'!$E13:$V13,1)/COUNTA('Fairway Log'!$E13:$V13),"") -> 0.21428571
A14: Tyler | B14: 45480 | C14: Bethpage Red | D14: =SUM('Fairway Log'!$E14:$V14) -> 8 | E14: ← | F14: 1 | G14: 1 | I14: 1 | J14: 1 | L14: 1 | M14: ← | N14: → | O14: 1 | Q14: ← | R14: 1 | S14: → | T14: 1 | V14: → | W14: =IFERROR(COUNTIF('Fairway Log'!$E14:$V14,1)/COUNTA('Fairway Log'!$E14:$V14),"") -> 0.57142857
A15: Tyler | B15: 45475 | C15: Bethpage Blue | D15: =SUM('Fairway Log'!$E15:$V15) -> 8 | E15: → | F15: → | H15: 1 | I15: 1 | J15: ↑ | L15: 1 | M15: 1 | N15: 1 | P15: → | Q15: 1 | R15: 1 | S15: ↓ | T15: → | V15: 1 | W15: =IFERROR(COUNTIF('Fairway Log'!$E15:$V15,1)/COUNTA('Fairway Log'!$E15:$V15),"") -> 0.57142857
A16: Tyler | B16: 45467 | C16: Bethpage Blue | D16: =SUM('Fairway Log'!$E16:$V16) -> 6 | E16: ← | F16: ← | H16: → | I16: 1 | J16: 1 | L16: ← | M16: 1 | N16: ↓ | P16: → | Q16: 1 | R16: 1 | S16: → | T16: ← | V16: 1 | W16: =IFERROR(COUNTIF('Fairway Log'!$E16:$V16,1)/COUNTA('Fairway Log'!$E16:$V16),"") -> 0.42857143
A17: Tyler | B17: 45466 | C17: Bethpage Red | D17: =SUM('Fairway Log'!$E17:$V17) -> 7 | E17: 1 | F17: ← | G17: 1 | I17: ← | J17: 1 | L17: 1 | M17: 1 | N17: 1 | O17: → | Q17: ← | R17: ← | S17: → | T17: 1 | V17: → | W17: =IFERROR(COUNTIF('Fairway Log'!$E17:$V17,1)/COUNTA('Fairway Log'!$E17:$V17),"") -> 0.5
A18: Tyler | B18: 45465 | C18: Wind Watch Hamlet Course | D18: =SUM('Fairway Log'!$E18:$V18) -> 3 | E18: ↓ | F18: ↓ | G18: → | H18: ← | I18: 1 | K18: ← | M18: ← | N18: ↓ | O18: ↓ | Q18: 1 | S18: 1 | T18: ← | V18: → | W18: =IFERROR(COUNTIF('Fairway Log'!$E18:$V18,1)/COUNTA('Fairway Log'!$E18:$V18),"") -> 0.23076923
A19: Tyler | B19: 45453 | C19: Willow Creek Hamlet Course | D19: =SUM('Fairway Log'!$E19:$V19) -> 5 | E19: ↓ | G19: 1 | I19: ← | J19: ← | K19: 1 | L19: ← | M19: 1 | N19: 1 | P19: → | Q19: ↓ | S19: → | U19: 1 | V19: → | W19: =IFERROR(COUNTIF('Fairway Log'!$E19:$V19,1)/COUNTA('Fairway Log'!$E19:$V19),"") -> 0.38461538
A20: Tyler | B20: 45443 | C20: Bethpage Green | D20: =SUM('Fairway Log'!$E20:$V20) -> 4 | E20: 1 | F20: → | H20: → | I20: ↑ | K20: → | L20: → | M20: 1 | N20: → | P20: ↑ | Q20: → | R20: ← | T20: 1 | U20: → | V20: 1 | W20: =IFERROR(COUNTIF('Fairway Log'!$E20:$V20,1)/COUNTA('Fairway Log'!$E20:$V20),"") -> 0.28571429
A21: Tyler | B21: 45440 | C21: Bethpage Yellow | D21: =SUM('Fairway Log'!$E21:$V21) -> 7 | E21: 1 | F21: 1 | G21: ↑ | I21: 1 | J21: 1 | L21: ↓ | M21: ↓ | N21: 1 | P21: → | Q21: ← | S21: → | T21: 1 | U21: 1 | V21: → | W21: =IFERROR(COUNTIF('Fairway Log'!$E21:$V21,1)/COUNTA('Fairway Log'!$E21:$V21),"") -> 0.5
A22: Tyler | B22: 45434 | C22: Bethpage Yellow | D22: =SUM('Fairway Log'!$E22:$V22) -> 3 | E22: ↑ | F22: ← | G22: ← | I22: → | J22: → | L22: 1 | M22: ↑ | N22: 1 | P22: → | Q22: ← | S22: → | T22: ← | U22: ← | V22: 1 | W22: =IFERROR(COUNTIF('Fairway Log'!$E22:$V22,1)/COUNTA('Fairway Log'!$E22:$V22),"") -> 0.21428571
A23: Tyler | B23: 45172 | C23: Bethpage Green | D23: =SUM('Fairway Log'!$E23:$V23) -> 8 | E23: ← | F23: 1 | H23: ↑ | I23: 1 | K23: 1 | L23: 1 | M23: 1 | N23: ↑ | P23: 1 | Q23: 1 | R23: ↑ | T23: → | U23: → | V23: 1 | W23: =IFERROR(COUNTIF('Fairway Log'!$E23:$V23,1)/COUNTA('Fairway Log'!$E23:$V23),"") -> 0.57142857
A24: Tyler | B24: 45156 | C24: Middle Island Country Club - Oak and Spruce | D24: =SUM('Fairway Log'!$E24:$V24) -> 6 | E24: → | F24: 1 | G24: ↑ | I24: → | J24: 1 | K24: 1 | M24: → | N24: ↑ | O24: 1 | P24: → | R24: → | S24: → | T24: 1 | V24: 1 | W24: =IFERROR(COUNTIF('Fairway Log'!$E24:$V24,1)/COUNTA('Fairway Log'!$E24:$V24),"") -> 0.42857143
A25: Tyler | B25: 45144 | C25: Bethpage Black | D25: =SUM('Fairway Log'!$E25:$V25) -> 8 | E25: → | F25: ← | H25: 1 | I25: → | J25: 1 | K25: 1 | M25: 1 | N25: → | O25: → | P25: 1 | Q25: 1 | S25: → | T25: 1 | V25: 1 | W25: =IFERROR(COUNTIF('Fairway Log'!$E25:$V25,1)/COUNTA('Fairway Log'!$E25:$V25),"") -> 0.57142857
A26: Tyler | B26: 45143 | C26: Bethpage Yellow | D26: =SUM('Fairway Log'!$E26:$V26) -> 6 | E26: 1 | F26: → | G26: 1 | I26: ← | J26: 1 | L26: ← | M26: 0 | N26: → | P26: → | Q26: → | S26: 1 | T26: 1 | U26: 1 | V26: → | W26: =IFERROR(COUNTIF('Fairway Log'!$E26:$V26,1)/COUNTA('Fairway Log'!$E26:$V26),"") -> 0.42857143
A27: Tyler | B27: 45137 | C27: Bethpage Yellow | D27: =SUM('Fairway Log'!$E27:$V27) -> 4 | E27: ↑ | F27: 1 | G27: → | I27: → | J27: → | L27: → | M27: ↑ | N27: 1 | P27: ← | Q27: ↑ | S27: 1 | T27: 1 | U27: → | V27: → | W27: =IFERROR(COUNTIF('Fairway Log'!$E27:$V27,1)/COUNTA('Fairway Log'!$E27:$V27),"") -> 0.28571429
A28: Tyler | B28: 45136 | C28: Bethpage Blue | D28: =SUM('Fairway Log'!$E28:$V28) -> 7 | E28: → | F28: → | H28: → | I28: 1 | J28: 1 | L28: → | M28: 1 | N28: 1 | P28: → | Q28: 1 | R28: ← | S28: 1 | T28: 1 | V28: 0 | W28: =IFERROR(COUNTIF('Fairway Log'!$E28:$V28,1)/COUNTA('Fairway Log'!$E28:$V28),"") -> 0.5
A29: Tyler | B29: 45114 | C29: Bethpage Blue | D29: =SUM('Fairway Log'!$E29:$V29) -> 3 | E29: → | F29: ← | H29: 1 | I29: ↑ | J29: 1 | L29: ↑ | M29: → | N29: → | P29: → | Q29: ↑ | R29: → | S29: 1 | T29: ← | V29: → | W29: =IFERROR(COUNTIF('Fairway Log'!$E29:$V29,1)/COUNTA('Fairway Log'!$E29:$V29),"") -> 0.21428571
A30: Tyler | B30: 45084 | C30: Bethpage Blue | D30: =SUM('Fairway Log'!$E30:$V30) -> 6 | E30: → | F30: → | H30: 1 | I30: → | J30: ↑ | L30: → | M30: 1 | N30: → | P30: 1 | Q30: ↑ | R30: 1 | S30: 1 | T30: 1 | V30: → | W30: =IFERROR(COUNTIF('Fairway Log'!$E30:$V30,1)/COUNTA('Fairway Log'!$E30:$V30),"") -> 0.42857143
A31: Tyler | B31: 45053 | C31: Bethpage Green | D31: =SUM('Fairway Log'!$E31:$V31) -> 7 | E31: 1 | F31: 1 | H31: 1 | I31: 1 | K31: 1 | L31: 1 | M31: → | N31: 0 | P31: ↓ | Q31: → | R31: → | T31: 1 | U31: → | V31: → | W31: =IFERROR(COUNTIF('Fairway Log'!$E31:$V31,1)/COUNTA('Fairway Log'!$E31:$V31),"") -> 0.5
A32: Tyler | B32: 45053 | C32: Bethpage Yellow | D32: =SUM('Fairway Log'!$E32:$V32) -> 6 | E32: 1 | F32: 1 | G32: → | I32: ← | J32: 1 | L32: → | M32: → | N32: ↑ | P32: 1 | Q32: 1 | S32: 1 | T32: 0 | U32: 0 | V32: 0 | W32: =IFERROR(COUNTIF('Fairway Log'!$E32:$V32,1)/COUNTA('Fairway Log'!$E32:$V32),"") -> 0.42857143
A33: Tyler | B33: 45050 | C33: Bethpage Green | D33: =SUM('Fairway Log'!$E33:$V33) -> 7 | E33: ↓ | F33: → | H33: 1 | I33: 1 | K33: 1 | L33: ↑ | M33: → | N33: 1 | P33: ↑ | Q33: → | R33: 1 | T33: 1 | U33: 1 | V33: → | W33: =IFERROR(COUNTIF('Fairway Log'!$E33:$V33,1)/COUNTA('Fairway Log'!$E33:$V33),"") -> 0.5
A34: Tyler | B34: 45048 | C34: Bethpage Blue | D34: =SUM('Fairway Log'!$E34:$V34) -> 9 | E34: 1 | F34: 1 | H34: 1 | I34: 1 | J34: 1 | L34: 1 | M34: 1 | N34: 1 | P34: ← | Q34: → | R34: ← | S34: ← | T34: 1 | V34: ← | W34: =IFERROR(COUNTIF('Fairway Log'!$E34:$V34,1)/COUNTA('Fairway Log'!$E34:$V34),"") -> 0.64285714
A35: Tyler | B35: 45829 | C35: Brentwood Country Club | D35: =SUM('Fairway Log'!$E35:$V35) -> 9 | E35: 1 | F35: → | H35: ← | J35: 1 | K35: 1 | L35: 1 | M35: ↓ | N35: 1 | O35: 1 | P35: → | Q35: → | S35: → | T35: 1 | U35: 1 | V35: 1 | W35: =IFERROR(COUNTIF('Fairway Log'!$E35:$V35,1)/COUNTA('Fairway Log'!$E35:$V35),"") -> 0.6
A36: Tyler | B36: 45831 | C36: Bethpage Blue | D36: =SUM('Fairway Log'!$E36:$V36) -> 8 | E36: → | F36: 1 | H36: → | I36: ↑ | J36: 1 | L36: 1 | M36: → | N36: 1 | P36: 1 | Q36: 1 | R36: → | S36: → | T36: 1 | V36: 1 | W36: =IFERROR(COUNTIF('Fairway Log'!$E36:$V36,1)/COUNTA('Fairway Log'!$E36:$V36),"") -> 0.57142857
A37: Tyler | B37: 45844 | C37: Bethpage Green | D37: =SUM('Fairway Log'!$E37:$V37) -> 7 | E37: 1 | F37: → | H37: → | I37: 1 | K37: → | L37: 1 | M37: 1 | N37: 1 | P37: 1 | Q37: → | R37: → | T37: ← | U37: → | V37: 1 | W37: =IFERROR(COUNTIF('Fairway Log'!$E37:$V37,1)/COUNTA('Fairway Log'!$E37:$V37),"") -> 0.5
A38: Tyler | B38: 45857 | C38: Bethpage Green | D38: =SUM('Fairway Log'!$E38:$V38) -> 9 | E38: 1 | F38: 1 | H38: → | I38: ↑ | K38: 1 | L38: 1 | M38: 1 | N38: → | P38: 1 | Q38: → | R38: 1 | T38: → | U38: 1 | V38: 1 | W38: =IFERROR(COUNTIF('Fairway Log'!$E38:$V38,1)/COUNTA('Fairway Log'!$E38:$V38),"") -> 0.64285714
A39: Tyler | B39: 45868 | C39: Bethpage Red | D39: =SUM('Fairway Log'!$E39:$V39) -> 7 | E39: 1 | F39: → | G39: 1 | I39: 1 | J39: → | L39: 1 | M39: 1 | N39: → | O39: → | Q39: → | R39: 1 | S39: → | T39: 1 | V39: → | W39: =IFERROR(COUNTIF('Fairway Log'!$E39:$V39,1)/COUNTA('Fairway Log'!$E39:$V39),"") -> 0.5
A40: Tyler | B40: 45886 | C40: Spring Lake Thunderbird | D40: =SUM('Fairway Log'!$E40:$V40) -> 11 | E40: 1 | F40: 1 | H40: → | I40: 1 | K40: 1 | L40: → | M40: 1 | N40: 1 | O40: → | P40: 1 | R40: 1 | S40: 1 | U40: 1 | V40: 1 | W40: =IFERROR(COUNTIF('Fairway Log'!$E40:$V40,1)/COUNTA('Fairway Log'!$E40:$V40),"") -> 0.78571429
A41: Tyler | B41: 45892 | C41: Spring Lake Thunderbird | D41: =SUM('Fairway Log'!$E41:$V41) -> 6 | E41: 1 | F41: → | H41: → | I41: 1 | K41: → | L41: 1 | M41: → | N41: → | O41: 1 | P41: ↓ | R41: ↓ | S41: 1 | U41: → | V41: 1 | W41: =IFERROR(COUNTIF('Fairway Log'!$E41:$V41,1)/COUNTA('Fairway Log'!$E41:$V41),"") -> 0.42857143
A42: Tyler | B42: 45894 | C42: Willow Creek Hamlet Course | D42: =SUM('Fairway Log'!$E42:$V42) -> 6 | E42: 1 | G42: ↓ | I42: 1 | J42: 1 | K42: 1 | L42: → | M42: ↓ | N42: → | P42: → | Q42: 1 | S42: → | U42: 1 | V42: → | W42: =IFERROR(COUNTIF('Fairway Log'!$E42:$V42,1)/COUNTA('Fairway Log'!$E42:$V42),"") -> 0.46153846
A43: Tyler | B43: 45897 | C43: Spring Lake Thunderbird | D43: =SUM('Fairway Log'!$E43:$V43) -> 3 | E43: 1 | F43: ↓ | H43: → | I43: ↓ | K43: → | L43: → | M43: → | N43: 1 | O43: → | P43: → | R43: ← | S43: → | U43: → | V43: 1 | W43: =IFERROR(COUNTIF('Fairway Log'!$E43:$V43,1)/COUNTA('Fairway Log'!$E43:$V43),"") -> 0.21428571
A44: Ryan | B44: 45894 | C44: Willow Creek Hamlet Course | D44: =SUM('Fairway Log'!$E44:$V44) -> 3 | E44: 1 | G44: → | I44: → | J44: → | K44: 1 | L44: → | M44: → | N44: → | P44: → | Q44: → | S44: ↓ | U44: 1 | V44: → | W44: =IFERROR(COUNTIF('Fairway Log'!$E44:$V44,1)/COUNTA('Fairway Log'!$E44:$V44),"") -> 0.23076923
A45: Ryan | B45: 45853 | C45: Pine Hollow | D45: =SUM('Fairway Log'!$E45:$V45) -> 0 | E45: 0 | G45: 0 | H45: 0 | I45: 0 | J45: 0 | K45: 0 | M45: 0 | N45: 0 | P45: 0 | Q45: 0 | S45: 0 | T45: 0 | U45: 0 | V45: 0 | W45: =IFERROR(COUNTIF('Fairway Log'!$E45:$V45,1)/COUNTA('Fairway Log'!$E45:$V45),"") -> 0
A46: Ryan | B46: 45765 | C46: Cherry Creek | D46: =SUM('Fairway Log'!$E46:$V46) -> 5 | E46: ↓ | G46: ← | H46: ← | I46: ← | K46: 1 | M46: 1 | N46: → | O46: → | P46: 1 | R46: → | S46: ← | T46: 1 | V46: 1 | W46: =IFERROR(COUNTIF('Fairway Log'!$E46:$V46,1)/COUNTA('Fairway Log'!$E46:$V46),"") -> 0.38461538
A47: Ryan | B47: 45520 | C47: Middle Island Country Club - Oak and Spruce | D47: =SUM('Fairway Log'!$E47:$V47) -> 7 | E47: ← | F47: ← | G47: 1 | I47: 1 | J47: 1 | K47: 1 | M47: ← | N47: ← | O47: ← | P47: 1 | R47: 1 | S47: ← | T47: → | V47: 1 | W47: =IFERROR(COUNTIF('Fairway Log'!$E47:$V47,1)/COUNTA('Fairway Log'!$E47:$V47),"") -> 0.5
A48: Ryan | B48: 45492 | C48: Brentwood Country Club | D48: =SUM('Fairway Log'!$E48:$V48) -> 7 | E48: 1 | F48: ↓ | H48: → | J48: 1 | K48: → | L48: ↓ | M48: ↓ | N48: ↓ | O48: → | P48: → | Q48: 1 | S48: 1 | T48: 1 | U48: 1 | V48: 1 | W48: =IFERROR(COUNTIF('Fairway Log'!$E48:$V48,1)/COUNTA('Fairway Log'!$E48:$V48),"") -> 0.46666667
A49: Ryan | B49: 45453 | C49: Willow Creek Hamlet Course | D49: =SUM('Fairway Log'!$E49:$V49) -> 0 | E49: 0 | G49: 0 | I49: 0 | J49: 0 | K49: 0 | L49: 0 | M49: 0 | N49: 0 | P49: 0 | Q49: 0 | S49: 0 | U49: 0 | V49: 0 | W49: =IFERROR(COUNTIF('Fairway Log'!$E49:$V49,1)/COUNTA('Fairway Log'!$E49:$V49),"") -> 0
A50: Rich | B50: 45156 | C50: Middle Island Country Club - Oak and Spruce | W50: =IFERROR(COUNTIF('Fairway Log'!$E50:$V50,1)/COUNTA('Fairway Log'!$E50:$V50),"")
A51: Rich | B51: 45465 | C51: Wind Watch Hamlet Course | D51: =SUM('Fairway Log'!$E51:$V51) -> 0 | E51: ↓ | F51: ← | G51: ← | H51: ← | I51: ← | K51: ← | M51: ↓ | N51: ↓ | O51: → | Q51: ← | S51: ← | T51: ↓ | U51: ← | V51: → | W51: =IFERROR(COUNTIF('Fairway Log'!$E51:$V51,1)/COUNTA('Fairway Log'!$E51:$V51),"") -> 0
A52: Rich | B52: 45514 | C52: Brentwood Country Club | D52: =SUM('Fairway Log'!$E52:$V52) -> 4 | E52: ← | F52: ← | H52: 1 | J52: 1 | K52: ← | L52: ← | M52: ← | N52: → | O52: ← | P52: 1 | Q52: ← | S52: → | T52: ← | U52: 1 | V52: ← | W52: =IFERROR(COUNTIF('Fairway Log'!$E52:$V52,1)/COUNTA('Fairway Log'!$E52:$V52),"") -> 0.26666667
A53: Rich | B53: 45892 | C53: Spring Lake Thunderbird | D53: =SUM('Fairway Log'!$E53:$V53) -> 8 | E53: ← | F53: 1 | H53: 1 | I53: 1 | K53: → | L53: 1 | M53: 1 | N53: ← | O53: 1 | P53: → | R53: ↓ | S53: ↓ | U53: 1 | V53: 1 | W53: =IFERROR(COUNTIF('Fairway Log'!$E53:$V53,1)/COUNTA('Fairway Log'!$E53:$V53),"") -> 0.57142857
A54: Rich | B54: 45886 | C54: Spring Lake Thunderbird | D54: =SUM('Fairway Log'!$E54:$V54) -> 8 | E54: ← | F54: ↓ | H54: 1 | I54: ↓ | K54: 1 | L54: 1 | M54: ← | N54: 1 | O54: 1 | P54: 1 | R54: 1 | S54: ← | U54: → | V54: 1 | W54: =IFERROR(COUNTIF('Fairway Log'!$E54:$V54,1)/COUNTA('Fairway Log'!$E54:$V54),"") -> 0.57142857
A55: Rich | B55: 45897 | C55: Spring Lake Thunderbird | D55: =SUM('Fairway Log'!$E55:$V55) -> 5 | E55: ← | F55: ← | H55: 1 | I55: ← | K55: ← | L55: 1 | M55: 1 | N55: ← | O55: → | P55: → | R55: ← | S55: ↑ | U55: 1 | V55: 1 | W55: =IFERROR(COUNTIF('Fairway Log'!$E55:$V55,1)/COUNTA('Fairway Log'!$E55:$V55),"") -> 0.35714286
A56: Rich | B56: 45829 | C56: Brentwood Country Club | D56: =SUM('Fairway Log'!$E56:$V56) -> 1 | E56: ↓ | F56: ← | H56: ← | J56: ← | K56: ← | L56: ← | M56: ← | N56: ← | O56: ← | P56: ↑ | Q56: ↑ | S56: ← | T56: 1 | U56: ← | V56: ← | W56: =IFERROR(COUNTIF('Fairway Log'!$E56:$V56,1)/COUNTA('Fairway Log'!$E56:$V56),"") -> 0.066666667
A57: Rich | B57: 45857 | C57: Bethpage Green | D57: =SUM('Fairway Log'!$E57:$V57) -> 6 | E57: 1 | F57: ↓ | H57: 1 | I57: ↓ | K57: → | L57: ← | M57: ← | N57: ← | P57: 1 | Q57: 1 | R57: ← | T57: 1 | U57: ↓ | V57: 1 | W57: =IFERROR(COUNTIF('Fairway Log'!$E57:$V57,1)/COUNTA('Fairway Log'!$E57:$V57),"") -> 0.42857143
A58: Rich | B58: 45844 | C58: Bethpage Green | D58: =SUM('Fairway Log'!$E58:$V58) -> 6 | E58: 1 | F58: ← | H58: ← | I58: 1 | K58: 1 | L58: 1 | M58: ← | N58: → | P58: 1 | Q58: ← | R58: ← | T58: ← | U58: → | V58: 1 | W58: =IFERROR(COUNTIF('Fairway Log'!$E58:$V58,1)/COUNTA('Fairway Log'!$E58:$V58),"") -> 0.42857143
A59: Rich | B59: 45653 | C59: Wailea Golf Club Gold Course | D59: =SUM('Fairway Log'!$E59:$V59) -> 3 | E59: ← | F59: ← | H59: 1 | I59: ← | J59: ← | K59: ↓ | M59: 1 | N59: 1 | P59: ← | Q59: ← | R59: ← | S59: → | U59: ← | V59: → | W59: =IFERROR(COUNTIF('Fairway Log'!$E59:$V59,1)/COUNTA('Fairway Log'!$E59:$V59),"") -> 0.21428571
A60: Rich | B60: 45655 | C60: Wailea Golf Club Emerald Course | D60: =SUM('Fairway Log'!$E60:$V60) -> 3 | E60: 1 | F60: ← | H60: ← | J60: → | K60: ↓ | M60: ↓ | N60: 1 | O60: → | P60: ← | R60: ← | S60: 1 | U60: ← | V60: 0 | W60: =IFERROR(COUNTIF('Fairway Log'!$E60:$V60,1)/COUNTA('Fairway Log'!$E60:$V60),"") -> 0.23076923
A61: Rich | B61: 45649 | C61: Ka'anapali Golf Resort Royal Course | D61: =SUM('Fairway Log'!$E61:$V61) -> 3 | E61: ↑ | G61: 1 | H61: 0 | I61: 0 | J61: 0 | K61: ← | M61: ← | N61: ← | O61: ← | P61: ← | Q61: 1 | R61: 1 | T61: → | V61: ← | W61: =IFERROR(COUNTIF('Fairway Log'!$E61:$V61,1)/COUNTA('Fairway Log'!$E61:$V61),"") -> 0.21428571
A62: Rich | B62: 45570 | C62: Bethpage Green | D62: =SUM('Fairway Log'!$E62:$V62) -> 2 | E62: ← | F62: 1 | H62: 1 | I62: → | K62: ← | L62: ↓ | M62: ← | N62: ← | P62: ↑ | Q62: ← | R62: ← | T62: → | U62: ← | V62: → | W62: =IFERROR(COUNTIF('Fairway Log'!$E62:$V62,1)/COUNTA('Fairway Log'!$E62:$V62),"") -> 0.14285714
A63: Rich | B63: 45535 | C63: Bethpage Yellow | D63: =SUM('Fairway Log'!$E63:$V63) -> 4 | E63: ← | F63: 1 | G63: → | I63: 1 | J63: 1 | L63: ← | M63: ← | N63: ↓ | P63: ← | Q63: ← | S63: ← | T63: ← | U63: 1 | V63: ← | W63: =IFERROR(COUNTIF('Fairway Log'!$E63:$V63,1)/COUNTA('Fairway Log'!$E63:$V63),"") -> 0.28571429
A64: Rich | B64: 45487 | C64: Bethpage Green | D64: =SUM('Fairway Log'!$E64:$V64) -> 2 | E64: ← | F64: ↓ | H64: ← | I64: ↓ | K64: ↓ | L64: ← | M64: 1 | N64: ↓ | P64: ↑ | Q64: ← | R64: ← | T64: ↓ | U64: 1 | V64: ← | W64: =IFERROR(COUNTIF('Fairway Log'!$E64:$V64,1)/COUNTA('Fairway Log'!$E64:$V64),"") -> 0.14285714
A65: Rich | B65: 45172 | C65: Bethpage Green | D65: =SUM('Fairway Log'!$E65:$V65) -> 5 | E65: → | F65: ← | H65: 1 | I65: ↓ | K65: 1 | L65: 1 | M65: 1 | N65: → | P65: ↑ | Q65: → | R65: → | T65: 1 | U65: ↑ | V65: → | W65: =IFERROR(COUNTIF('Fairway Log'!$E65:$V65,1)/COUNTA('Fairway Log'!$E65:$V65),"") -> 0.35714286
A66: Tyler | B66: 45941 | C66: Wind Watch Hamlet Course | D66: =SUM('Fairway Log'!$E66:$V66) -> 3 | E66: ← | F66: 1 | G66: → | H66: ← | I66: → | K66: → | M66: → | N66: → | O66: → | Q66: 1 | S66: → | T66: → | U66: → | V66: 1 | W66: =IFERROR(COUNTIF('Fairway Log'!$E66:$V66,1)/COUNTA('Fairway Log'!$E66:$V66),"") -> 0.21428571
A67: Rich | B67: 45941 | C67: Wind Watch Hamlet Course | D67: =SUM('Fairway Log'!$E67:$V67) -> 7 | E67: 1 | F67: 1 | G67: 1 | I67: 1 | M67: 1 | N67: 1 | O67: ← | Q67: ← | S67: ← | T67: 1 | U67: ← | V67: ← | W67: =IFERROR(COUNTIF('Fairway Log'!$E67:$V67,1)/COUNTA('Fairway Log'!$E67:$V67),"") -> 0.58333333
A68: Rich | B68: 45143 | C68: Bethpage Yellow | D68: =SUM('Fairway Log'!$E68:$V68) -> 4 | E68: ↑ | F68: ↓ | I68: → | J68: 1 | L68: → | M68: 1 | N68: ← | P68: → | Q68: ← | S68: → | T68: 1 | U68: → | V68: 1 | W68: =IFERROR(COUNTIF('Fairway Log'!$E68:$V68,1)/COUNTA('Fairway Log'!$E68:$V68),"") -> 0.30769231
A69: Rich | B69: 45136 | C69: Bethpage Blue | D69: =SUM('Fairway Log'!$E69:$V69) -> 4 | E69: 1 | F69: 0 | H69: 1 | I69: 1 | J69: → | L69: → | M69: → | N69: → | P69: → | Q69: ← | R69: ← | S69: ← | T69: ← | V69: 1 | W69: =IFERROR(COUNTIF('Fairway Log'!$E69:$V69,1)/COUNTA('Fairway Log'!$E69:$V69),"") -> 0.28571429
A70: Tyler | B70: 46160 | C70: Bethpage Blue | D70: =SUM('Fairway Log'!$E70:$V70) -> 5 | E70: 1 | F70: → | H70: → | I70: 1 | J70: → | L70: 1 | M70: → | N70: → | P70: → | Q70: 1 | R70: 1 | S70: → | T70: ← | V70: → | W70: =IFERROR(COUNTIF('Fairway Log'!$E70:$V70,1)/COUNTA('Fairway Log'!$E70:$V70),"") -> 0.35714286
A71: Tyler | B71: 46164 | C71: Brentwood Country Club | D71: =SUM('Fairway Log'!$E71:$V71) -> 9 | E71: 1 | F71: 1 | H71: 1 | J71: → | K71: → | L71: → | M71: → | N71: 1 | O71: 1 | P71: 1 | Q71: 1 | S71: ← | T71: → | U71: 1 | V71: 1 | W71: =IFERROR(COUNTIF('Fairway Log'!$E71:$V71,1)/COUNTA('Fairway Log'!$E71:$V71),"") -> 0.6
A72: Ryan | B72: 46185 | C72: Swan Lake | D72: =SUM('Fairway Log'!$F72:$V72) -> 4 | E72: → | F72: ← | G72: → | I72: ← | J72: ↓ | L72: 1 | M72: 1 | N72: → | O72: ← | P72: 1 | Q72: ← | S72: 1 | U72: → | V72: → | W72: =IFERROR(COUNTIF('Fairway Log'!$F72:$V72,1)/COUNTA('Fairway Log'!$F72:$V72),"") -> 0.30769231
A75: Golfer | B75: Date | C75: Course | D75: Fairways | E75: Hole 1 | F75: Hole 2 | G75: Hole 3 | H75: Hole 4 | I75: Hole 5 | J75: Hole 6 | K75: Hole 7 | L75: Hole 8 | M75: Hole 9 | O75: → | P75: ← | Q75: ↓ | R75: ↑
A76: Tyler | B76: 45457 | C76: Spring Lake Sandpiper Course | D76: =SUM('Fairway Log'!$E76:$M76) -> 5 | E76: 1 | F76: 1 | H76: 1 | I76: 1 | K76: 1 | L76: 0 | M76: 0
A77: Tyler | B77: 45454 | C77: Bethpage Blue | D77: =SUM('Fairway Log'!$E77:$M77) -> 1 | E77: 0 | F77: 0 | H77: 0 | I77: 0 | J77: 0 | L77: 0 | M77: 1

Sheet GIR Log
A1: Golfer | B1: Date | C1: Course | D1: GIR | E1: Hole 1 | F1: Hole 2 | G1: Hole 3 | H1: Hole 4 | I1: Hole 5 | J1: Hole 6 | K1: Hole 7 | L1: Hole 8 | M1: Hole 9 | N1: Hole 10 | O1: Hole 11 | P1: Hole 12 | Q1: Hole 13 | R1: Hole 14 | S1: Hole 15 | T1: Hole 16 | U1: Hole 17 | V1: Hole 18 | W1: GIR %
A2: Tyler | B2: 45735 | C2: Bethpage Green | D2: =SUM('GIR Log'!$E2:$V2) -> 10 | E2: ← | F2: ↓ | G2: ← | H2: 1 | I2: ← | J2: 1 | K2: ↓ | L2: 1 | M2: 1 | N2: 1 | O2: → | P2: 1 | Q2: 1 | R2: 1 | S2: ↓ | T2: 1 | U2: 1 | V2: ↓ | W2: =IFERROR('GIR Log'!$D2/COUNTA('GIR Log'!$E2:$V2),0) -> 0.55555556
A3: Tyler | B3: 45655 | C3: Wailea Golf Club Emerald Course | D3: =SUM('GIR Log'!$E3:$V3) -> 6 | E3: 1 | F3: ↓ | G3: → | H3: 1 | I3: ↓ | J3: ↓ | K3: ↓ | L3: ↓ | M3: 1 | N3: 1 | O3: → | P3: → | Q3: ↓ | R3: ↓ | S3: ↓ | T3: ↓ | U3: 1 | V3: 1 | W3: =IFERROR('GIR Log'!$D3/COUNTA('GIR Log'!$E3:$V3),0) -> 0.33333333
A4: Tyler | B4: 45653 | C4: Wailea Golf Club Gold Course | D4: =SUM('GIR Log'!$E4:$V4) -> 5 | E4: ↓ | F4: 1 | G4: ↑ | H4: 1 | I4: ↓ | J4: 1 | K4: → | L4: 1 | M4: ↓ | N4: ↑ | O4: 1 | P4: ↓ | Q4: ↓ | R4: ↓ | S4: ↑ | T4: ↑ | U4: ↑ | V4: → | W4: =IFERROR('GIR Log'!$D4/COUNTA('GIR Log'!$E4:$V4),0) -> 0.27777778
A5: Tyler | B5: 45649 | C5: Ka'anapali Golf Resort Royal Course | D5: =SUM('GIR Log'!$E5:$V5) -> 1 | E5: ← | F5: ↓ | G5: → | H5: ↑ | I5: 0 | J5: 1 | K5: ↓ | L5: ↓ | M5: ↓ | N5: ↓ | O5: ↓ | P5: ← | Q5: ↓ | R5: ← | S5: ← | T5: ↑ | U5: → | V5: ↓ | W5: =IFERROR('GIR Log'!$D5/COUNTA('GIR Log'!$E5:$V5),0) -> 0.055555556
A6: Tyler | B6: 45580 | C6: Sebonack Golf Club | D6: =SUM('GIR Log'!$E6:$V6) -> 5 | E6: ↑ | F6: ↓ | G6: 1 | H6: → | I6: 1 | J6: → | K6: 1 | L6: ↑ | M6: 1 | N6: ↓ | O6: ↓ | P6: ← | Q6: ← | R6: ↓ | S6: 1 | T6: 0 | U6: 0 | V6: ← | W6: =IFERROR('GIR Log'!$D6/COUNTA('GIR Log'!$E6:$V6),0) -> 0.27777778
A7: Tyler | B7: 45570 | C7: Bethpage Green | D7: =SUM('GIR Log'!$E7:$V7) -> 4 | E7: 1 | F7: ← | G7: ↓ | H7: ↓ | I7: ↓ | J7: → | K7: → | L7: 1 | M7: 1 | N7: ↑ | O7: 1 | P7: ↓ | Q7: ↓ | R7: ← | S7: ← | T7: ← | U7: → | V7: ← | W7: =IFERROR('GIR Log'!$D7/COUNTA('GIR Log'!$E7:$V7),0) -> 0.22222222
A8: Tyler | B8: 45535 | C8: Bethpage Yellow | D8: =SUM('GIR Log'!$E8:$V8) -> 3 | E8: NC | F8: NC | G8: NC | H8: → | I8: NC | J8: → | K8: ↓ | L8: ↑ | M8: NC | N8: 1 | O8: ↓ | P8: 1 | Q8: ← | R8: ↓ | S8: → | T8: ↓ | U8: ← | V8: 1 | W8: =IFERROR('GIR Log'!$D8/COUNTA('GIR Log'!$E8:$V8),0) -> 0.16666667
A9: Tyler | B9: 45514 | C9: Brentwood Country Club | D9: =SUM('GIR Log'!$E9:$V9) -> 4 | E9: NC | F9: ↓ | G9: → | H9: ← | I9: ↓ | J9: ↓ | K9: ↓ | L9: ↑ | M9: 1 | N9: 1 | O9: 1 | P9: ← | Q9: ← | R9: ↓ | S9: ↓ | T9: 1 | U9: → | V9: ← | W9: =IFERROR('GIR Log'!$D9/COUNTA('GIR Log'!$E9:$V9),0) -> 0.22222222
A10: Tyler | B10: 45502 | C10: Bethpage Green | D10: =SUM('GIR Log'!$E10:$V10) -> 4 | E10: 1 | F10: 1 | G10: ↓ | H10: → | I10: → | J10: → | K10: → | L10: → | M10: → | N10: → | O10: 0 | P10: 1 | Q10: 0 | R10: 1 | S10: 0 | T10: 0 | U10: 0 | V10: 0 | W10: =IFERROR('GIR Log'!$D10/COUNTA('GIR Log'!$E10:$V10),0) -> 0.22222222
A11: Tyler | B11: 45496 | C11: Brentwood Country Club | D11: =SUM('GIR Log'!$E11:$V11) -> 3 | E11: 0 | F11: 0 | G11: 0 | H11: 1 | I11: 0 | J11: 0 | K11: 0 | L11: 0 | M11: 1 | N11: 0 | O11: 0 | P11: 0 | Q11: 1 | R11: 0 | S11: 0 | T11: 0 | U11: 0 | V11: 0 | W11: =IFERROR('GIR Log'!$D11/COUNTA('GIR Log'!$E11:$V11),0) -> 0.16666667
A12: Tyler | B12: 45492 | C12: Brentwood Country Club | D12: =SUM('GIR Log'!$E12:$V12) -> 5 | E12: ↓ | F12: 1 | G12: → | H12: 1 | I12: → | J12: ↓ | K12: ↓ | L12: ↑ | M12: ← | N12: 1 | O12: ↓ | P12: ↓ | Q12: 1 | R12: → | S12: ↓ | T12: ↑ | U12: 1 | V12: ↓ | W12: =IFERROR('GIR Log'!$D12/COUNTA('GIR Log'!$E12:$V12),0) -> 0.27777778
A13: Tyler | B13: 45487 | C13: Bethpage Green | D13: =SUM('GIR Log'!$E13:$V13) -> 6 | E13: ↓ | F13: ↓ | G13: ↓ | H13: 1 | I13: ← | J13: → | K13: 1 | L13: → | M13: 1 | N13: NC | O13: ↓ | P13: ↓ | Q13: 1 | R13: 1 | S13: → | T13: 1 | U13: ↓ | V13: ↓ | W13: =IFERROR('GIR Log'!$D13/COUNTA('GIR Log'!$E13:$V13),0) -> 0.33333333
A14: Tyler | B14: 45480 | C14: Bethpage Red | D14: =SUM('GIR Log'!$E14:$V14) -> 2 | E14: → | F14: ← | G14: ↓ | H14: ← | I14: 1 | J14: ↑ | K14: ↓ | L14: ← | M14: ↓ | N14: ↓ | O14: ↓ | P14: → | Q14: ← | R14: ↓ | S14: ↓ | T14: 1 | U14: → | V14: ↓ | W14: =IFERROR('GIR Log'!$D14/COUNTA('GIR Log'!$E14:$V14),0) -> 0.11111111
A15: Tyler | B15: 45475 | C15: Bethpage Blue | D15: =SUM('GIR Log'!$E15:$V15) -> 8 | E15: NC | F15: NC | G15: 1 | H15: 1 | I15: 1 | J15: NC | K15: → | L15: 1 | M15: 1 | N15: 1 | O15: → | P15: → | Q15: 1 | R15: ↓ | S15: ↑ | T15: 1 | U15: → | V15: ↑ | W15: =IFERROR('GIR Log'!$D15/COUNTA('GIR Log'!$E15:$V15),0) -> 0.44444444
A16: Tyler | B16: 45467 | C16: Bethpage Blue | D16: =SUM('GIR Log'!$E16:$V16) -> 9 | E16: NC | F16: NC | G16: ↓ | H16: 1 | I16: 1 | J16: NC | K16: ↓ | L16: ↓ | M16: ↓ | N16: NC | O16: NC | P16: 1 | Q16: 1 | R16: 1 | S16: 1 | T16: 1 | U16: 1 | V16: 1 | W16: =IFERROR('GIR Log'!$D16/COUNTA('GIR Log'!$E16:$V16),0) -> 0.5
A17: Tyler | B17: 45466 | C17: Bethpage Red | D17: =SUM('GIR Log'!$E17:$V17) -> 4 | E17: ↓ | F17: ↓ | G17: 1 | H17: ← | I17: ↑ | J17: ↓ | K17: ← | L17: ↑ | M17: ↓ | N17: ↓ | O17: 1 | P17: 1 | Q17: ← | R17: ↓ | S17: ↓ | T17: ↓ | U17: 1 | V17: ↓ | W17: =IFERROR('GIR Log'!$D17/COUNTA('GIR Log'!$E17:$V17),0) -> 0.22222222
A18: Tyler | B18: 45465 | C18: Wind Watch Hamlet Course | D18: =SUM('GIR Log'!$E18:$V18) -> 2 | E18: ↓ | F18: ↓ | G18: ↑ | H18: ↓ | I18: 1 | J18: ↓ | K18: ↑ | L18: 1 | M18: ↑ | N18: ↓ | O18: ↓ | P18: ↑ | Q18: → | R18: ↑ | S18: ↓ | T18: ↓ | U18: ↓ | V18: ↓ | W18: =IFERROR('GIR Log'!$D18/COUNTA('GIR Log'!$E18:$V18),0) -> 0.11111111
A19: Tyler | B19: 45453 | C19: Willow Creek Hamlet Course | D19: =SUM('GIR Log'!$E19:$V19) -> 3 | E19: ↓ | F19: 1 | G19: ↑ | H19: ← | I19: ↓ | J19: ↓ | K19: 0 | L19: ↑ | M19: ← | N19: ↑ | O19: ↓ | P19: 1 | Q19: 1 | R19: ↓ | S19: ↓ | T19: ↑ | U19: ↑ | V19: ↓ | W19: =IFERROR('GIR Log'!$D19/COUNTA('GIR Log'!$E19:$V19),0) -> 0.16666667
A20: Tyler | B20: 45443 | C20: Bethpage Green | D20: =SUM('GIR Log'!$E20:$V20) -> 6 | E20: ↓ | F20: ↑ | G20: → | H20: 1 | I20: ↓ | J20: ↓ | K20: 1 | L20: ↓ | M20: ↓ | N20: ↓ | O20: ↓ | P20: 1 | Q20: NC | R20: → | S20: 1 | T20: 1 | U20: NC | V20: 1 | W20: =IFERROR('GIR Log'!$D20/COUNTA('GIR Log'!$E20:$V20),0) -> 0.33333333
A21: Tyler | B21: 45440 | C21: Bethpage Yellow | D21: =SUM('GIR Log'!$E21:$V21) -> 2 | E21: 0 | F21: 0 | G21: 0 | H21: 0 | I21: 0 | J21: 0 | K21: 0 | L21: 0 | M21: 0 | N21: 0 | O21: 0 | P21: 0 | Q21: 0 | R21: 0 | S21: 0 | T21: 0 | U21: 1 | V21: 1 | W21: =IFERROR('GIR Log'!$D21/COUNTA('GIR Log'!$E21:$V21),0) -> 0.11111111
A22: Tyler | B22: 45434 | C22: Bethpage Yellow | D22: =SUM('GIR Log'!$E22:$V22) -> 6 | E22: 0 | F22: 0 | G22: 0 | H22: 1 | I22: 0 | J22: 0 | K22: 0 | L22: 1 | M22: 0 | N22: 0 | O22: 1 | P22: 1 | Q22: 0 | R22: 1 | S22: 1 | T22: 0 | U22: 0 | V22: 0 | W22: =IFERROR('GIR Log'!$D22/COUNTA('GIR Log'!$E22:$V22),0) -> 0.33333333
A23: Tyler | B23: 45172 | C23: Bethpage Green | D23: =SUM('GIR Log'!$E23:$V23) -> 6 | E23: 0 | F23: 0 | G23: 0 | H23: 0 | I23: 0 | J23: 0 | K23: 1 | L23: 0 | M23: 0 | N23: 1 | O23: 1 | P23: 1 | Q23: 1 | R23: 1 | S23: 0 | T23: 0 | U23: 0 | V23: 0 | W23: =IFERROR('GIR Log'!$D23/COUNTA('GIR Log'!$E23:$V23),0) -> 0.33333333
A24: Tyler | B24: 45156 | C24: Middle Island Country Club - Oak and Spruce | D24: =SUM('GIR Log'!$E24:$V24) -> 4 | E24: 0 | F24: 0 | G24: 0 | H24: 0 | I24: 0 | J24: 0 | K24: 1 | L24: 1 | M24: 0 | N24: 0 | O24: 0 | P24: 0 | Q24: 0 | R24: 0 | S24: 0 | T24: 1 | U24: 0 | V24: 1 | W24: =IFERROR('GIR Log'!$D24/COUNTA('GIR Log'!$E24:$V24),0) -> 0.22222222
A25: Tyler | B25: 45144 | C25: Bethpage Black | D25: =SUM('GIR Log'!$E25:$V25) -> 1 | E25: 0 | F25: 0 | G25: 0 | H25: 0 | I25: 0 | J25: 0 | K25: 0 | L25: 0 | M25: 0 | N25: 0 | O25: 0 | P25: 0 | Q25: 0 | R25: 0 | S25: 0 | T25: 0 | U25: 1 | V25: 0 | W25: =IFERROR('GIR Log'!$D25/COUNTA('GIR Log'!$E25:$V25),0) -> 0.055555556
A26: Tyler | B26: 45143 | C26: Bethpage Yellow | D26: =SUM('GIR Log'!$E26:$V26) -> 5 | E26: 0 | F26: 0 | G26: 0 | H26: 0 | I26: 0 | J26: 1 | K26: 1 | L26: 0 | M26: 0 | N26: 0 | O26: 0 | P26: 0 | Q26: 0 | R26: 1 | S26: 0 | T26: 1 | U26: 0 | V26: 1 | W26: =IFERROR('GIR Log'!$D26/COUNTA('GIR Log'!$E26:$V26),0) -> 0.27777778
A27: Tyler | B27: 45137 | C27: Bethpage Yellow | D27: =SUM('GIR Log'!$E27:$V27) -> 4 | E27: 0 | F27: 0 | G27: 0 | H27: 1 | I27: 0 | J27: 1 | K27: 0 | L27: 0 | M27: 0 | N27: 0 | O27: 0 | P27: 0 | Q27: 0 | R27: 0 | S27: 0 | T27: 1 | U27: 1 | V27: 0 | W27: =IFERROR('GIR Log'!$D27/COUNTA('GIR Log'!$E27:$V27),0) -> 0.22222222
A28: Tyler | B28: 45136 | C28: Bethpage Blue | D28: =SUM('GIR Log'!$E28:$V28) -> 3 | E28: 0 | F28: 0 | G28: 0 | H28: 0 | I28: 0 | J28: 0 | K28: 0 | L28: 0 | M28: 1 | N28: 0 | O28: 0 | P28: 1 | Q28: 0 | R28: 0 | S28: 0 | T28: 1 | U28: 0 | V28: 0 | W28: =IFERROR('GIR Log'!$D28/COUNTA('GIR Log'!$E28:$V28),0) -> 0.16666667
A29: Tyler | B29: 45114 | C29: Bethpage Blue | D29: =SUM('GIR Log'!$E29:$V29) -> 5 | E29: 0 | F29: 0 | G29: 1 | H29: 1 | I29: 1 | J29: 0 | K29: 0 | L29: 1 | M29: 0 | N29: 0 | O29: 0 | P29: 0 | Q29: 0 | R29: 0 | S29: 0 | T29: 0 | U29: 1 | V29: 0 | W29: =IFERROR('GIR Log'!$D29/COUNTA('GIR Log'!$E29:$V29),0) -> 0.27777778
A30: Tyler | B30: 45084 | C30: Bethpage Blue | D30: =SUM('GIR Log'!$E30:$V30) -> 2 | E30: 0 | F30: 0 | G30: 0 | H30: 0 | I30: 0 | J30: 0 | K30: 0 | L30: 0 | M30: 0 | N30: 1 | O30: 0 | P30: 0 | Q30: 0 | R30: 0 | S30: 0 | T30: 1 | U30: 0 | V30: 0 | W30: =IFERROR('GIR Log'!$D30/COUNTA('GIR Log'!$E30:$V30),0) -> 0.11111111
A31: Tyler | B31: 45053 | C31: Bethpage Green | D31: =SUM('GIR Log'!$E31:$V31) -> 4 | E31: 1 | F31: 0 | G31: 1 | H31: 1 | I31: 0 | J31: 0 | K31: 0 | L31: 0 | M31: 0 | N31: 0 | O31: 0 | P31: 0 | Q31: 0 | R31: 1 | S31: 0 | T31: 0 | U31: 0 | V31: 0 | W31: =IFERROR('GIR Log'!$D31/COUNTA('GIR Log'!$E31:$V31),0) -> 0.22222222
A32: Tyler | B32: 45053 | C32: Bethpage Yellow | D32: =SUM('GIR Log'!$E32:$V32) -> 2 | E32: 0 | F32: 0 | G32: 0 | H32: 0 | I32: 0 | J32: 1 | K32: 1 | L32: 0 | M32: 0 | N32: 0 | O32: 0 | P32: 0 | Q32: 0 | R32: 0 | S32: 0 | T32: 0 | U32: 0 | V32: 0 | W32: =IFERROR('GIR Log'!$D32/COUNTA('GIR Log'!$E32:$V32),0) -> 0.11111111
... A34: Tyler | B34: 45048 | C34: Bethpage Blue | D34: =SUM('GIR Log'!$E34:$V34) -> 3 | E34: 0 | F34: 0 | G34: 1 | H34: 1 | I34: 0 | J34: 0 | K34: 0 | L34: 0 | M34: 1 | N34: 0 | O34: 0 | P34: 0 | Q34: 0 | R34: 0 | S34: 0 | T34: 0 | U34: 0 | V34: 0 | W34: =IFERROR('GIR Log'!$D34/COUNTA('GIR Log'!$E34:$V34),0) -> 0.16666667
A35: Tyler | B35: 45829 | C35: Brentwood Country Club | D35: =SUM('GIR Log'!$E35:$V35) -> 7 | E35: ↓ | F35: 1 | G35: ↓ | H35: ↓ | I35: ← | J35: ↓ | K35: 1 | L35: ↓ | M35: 1 | N35: 1 | O35: 1 | P35: → | Q35: ↓ | R35: ↓ | S35: ← | T35: 1 | U35: 1 | V35: → | W35: =IFERROR('GIR Log'!$D35/COUNTA('GIR Log'!$E35:$V35),0) -> 0.38888889
A36: Tyler | B36: 45831 | C36: Bethpage Blue | D36: =SUM('GIR Log'!$E36:$V36) -> 9 | E36: ↓ | F36: → | G36: ↓ | H36: 1 | I36: ↓ | J36: 1 | K36: → | L36: 1 | M36: 1 | N36: ↓ | O36: → | P36: 1 | Q36: 1 | R36: 1 | S36: ↓ | T36: ↓ | U36: 1 | V36: 1 | W36: =IFERROR('GIR Log'!$D36/COUNTA('GIR Log'!$E36:$V36),0) -> 0.5
A37: Tyler | B37: 45844 | C37: Bethpage Green | D37: =SUM('GIR Log'!$E37:$V37) -> 8 | E37: 1 | F37: ↓ | G37: 1 | H37: ↓ | I37: ↑ | J37: 1 | K37: 1 | L37: 1 | M37: ↓ | N37: ↓ | O37: → | P37: 1 | Q37: ↓ | R37: ↑ | S37: ← | T37: ↓ | U37: 1 | V37: 1 | W37: =IFERROR('GIR Log'!$D37/COUNTA('GIR Log'!$E37:$V37),0) -> 0.44444444
A38: Tyler | B38: 45857 | C38: Bethpage Green | D38: =SUM('GIR Log'!$E38:$V38) -> 11 | E38: 1 | F38: 1 | G38: ↑ | H38: 1 | I38: ↓ | J38: 1 | K38: 1 | L38: 1 | M38: 1 | N38: 1 | O38: 1 | P38: 1 | Q38: ↓ | R38: ↓ | S38: → | T38: → | U38: → | V38: 1 | W38: =IFERROR('GIR Log'!$D38/COUNTA('GIR Log'!$E38:$V38),0) -> 0.61111111
A39: Tyler | B39: 45868 | C39: Bethpage Red | D39: =SUM('GIR Log'!$E39:$V39) -> 4 | E39: 1 | F39: ↓ | G39: ↓ | H39: → | I39: 1 | J39: → | K39: → | L39: → | M39: ↓ | N39: ↓ | O39: ↑ | P39: ↓ | Q39: ↓ | R39: ↓ | S39: ↓ | T39: 1 | U39: 1 | V39: ↓ | W39: =IFERROR('GIR Log'!$D39/COUNTA('GIR Log'!$E39:$V39),0) -> 0.22222222
A40: Tyler | B40: 45886 | C40: Spring Lake Thunderbird | D40: =SUM('GIR Log'!$E40:$V40) -> 4 | E40: → | F40: ↑ | G40: 1 | H40: → | I40: ↑ | J40: 1 | K40: ↑ | L40: ↓ | M40: 1 | N40: 1 | O40: ← | P40: ↑ | Q40: ↑ | R40: ↑ | S40: ↓ | T40: ↓ | U40: ↓ | V40: ↑ | W40: =IFERROR('GIR Log'!$D40/COUNTA('GIR Log'!$E40:$V40),0) -> 0.22222222
A41: Tyler | B41: 45892 | C41: Spring Lake Thunderbird | D41: =SUM('GIR Log'!$E41:$V41) -> 5 | E41: 0 | F41: 0 | G41: 0 | H41: 0 | I41: 0 | J41: 0 | K41: 0 | L41: 0 | M41: 0 | N41: 1 | O41: 1 | P41: 0 | Q41: 1 | R41: 0 | S41: 1 | T41: 0 | U41: 0 | V41: 1 | W41: =IFERROR('GIR Log'!$D41/COUNTA('GIR Log'!$E41:$V41),0) -> 0.27777778
A42: Tyler | B42: 45894 | C42: Willow Creek Hamlet Course | D42: =SUM('GIR Log'!$E42:$V42) -> 1 | E42: ← | F42: ← | G42: ↓ | H42: ↓ | I42: ↓ | J42: ↓ | K42: 1 | L42: ↓ | M42: ↓ | N42: ↓ | O42: ↓ | P42: ↓ | Q42: ↓ | R42: ↓ | S42: ↓ | T42: ↑ | U42: ↓ | V42: ↓ | W42: =IFERROR('GIR Log'!$D42/COUNTA('GIR Log'!$E42:$V42),0) -> 0.055555556
A43: Tyler | B43: 45897 | C43: Spring Lake Thunderbird | D43: =SUM('GIR Log'!$E43:$V43) -> 4 | E43: NC | F43: NC | G43: → | H43: ↓ | I43: NC | K43: 1 | L43: NC | M43: 1 | N43: ↓ | O43: NC | P43: NC | Q43: ↓ | R43: NC | S43: 1 | T43: ↓ | U43: NC | V43: 1 | W43: =IFERROR('GIR Log'!$D43/COUNTA('GIR Log'!$E43:$V43),0) -> 0.23529412
A44: Ryan | B44: 45894 | C44: Willow Creek Hamlet Course | D44: =SUM('GIR Log'!$E44:$V44) -> 3 | E44: ↓ | F44: ← | G44: ↓ | H44: ↓ | I44: 1 | J44: ↓ | K44: ↓ | L44: ↓ | M44: ↓ | N44: ↓ | O44: ↓ | P44: ↓ | Q44: ↓ | R44: 1 | S44: ↓ | T44: ↓ | U44: 1 | V44: ↓ | W44: =IFERROR('GIR Log'!$D44/COUNTA('GIR Log'!$E44:$V44),0) -> 0.16666667
A45: Ryan | B45: 45853 | C45: Pine Hollow | D45: =SUM('GIR Log'!$E45:$V45) -> 2 | E45: 0 | F45: 0 | G45: 0 | H45: 0 | I45: 0 | J45: 0 | K45: 0 | L45: 0 | M45: 0 | N45: 0 | O45: 1 | P45: 0 | Q45: 0 | R45: 1 | S45: 0 | T45: 0 | U45: 0 | V45: 0 | W45: =IFERROR('GIR Log'!$D45/COUNTA('GIR Log'!$E45:$V45),0) -> 0.11111111
A46: Ryan | B46: 45765 | C46: Cherry Creek | D46: =SUM('GIR Log'!$E46:$V46) -> 2 | E46: ↓ | G46: ↓ | H46: ↓ | I46: NC | J46: ↓ | K46: ← | L46: ← | M46: 1 | N46: ← | O46: ← | P46: ← | Q46: → | R46: NC | S46: ← | T46: 1 | U46: → | V46: → | W46: =IFERROR('GIR Log'!$D46/COUNTA('GIR Log'!$E46:$V46),0) -> 0.11764706
A47: Ryan | B47: 45520 | C47: Middle Island Country Club - Oak and Spruce | D47: =SUM('GIR Log'!$E47:$V47) -> 4 | E47: ↓ | F47: ↓ | G47: 1 | H47: ↓ | I47: ↑ | J47: ← | K47: 1 | L47: → | M47: ↓ | N47: ↓ | O47: 1 | P47: ↓ | Q47: 1 | R47: ↓ | S47: ↓ | T47: ↓ | U47: ↓ | V47: ↓ | W47: =IFERROR('GIR Log'!$D47/COUNTA('GIR Log'!$E47:$V47),0) -> 0.22222222
A48: Ryan | B48: 45492 | C48: Brentwood Country Club | D48: =SUM('GIR Log'!$E48:$V48) -> 1 | E48: ↑ | F48: → | G48: → | H48: ↓ | I48: → | J48: ↓ | K48: ↓ | L48: ↓ | M48: ↓ | N48: ↓ | O48: ↓ | P48: ↓ | Q48: ↓ | R48: ↓ | S48: ← | T48: 1 | U48: ← | V48: ← | W48: =IFERROR('GIR Log'!$D48/COUNTA('GIR Log'!$E48:$V48),0) -> 0.055555556
A49: Ryan | B49: 45453 | C49: Willow Creek Hamlet Course | D49: =SUM('GIR Log'!$E49:$V49) -> 1 | E49: 0 | F49: 0 | G49: 0 | H49: 0 | I49: 0 | J49: 0 | K49: 0 | L49: 0 | M49: 0 | N49: 0 | O49: 0 | P49: 0 | Q49: 1 | R49: 0 | S49: 0 | T49: 0 | U49: 0 | V49: 0 | W49: =IFERROR('GIR Log'!$D49/COUNTA('GIR Log'!$E49:$V49),0) -> 0.055555556
A50: Rich | B50: 45156 | C50: Middle Island Country Club - Oak and Spruce | W50: =IFERROR('GIR Log'!$D50/COUNTA('GIR Log'!$E50:$V50),0) -> 0
A51: Rich | B51: 45465 | C51: Wind Watch Hamlet Course | D51: =SUM('GIR Log'!$E51:$V51) -> 1 | E51: ↓ | F51: ↓ | G51: ↑ | H51: ↓ | I51: → | J51: ↓ | K51: ↓ | L51: ← | M51: ↓ | N51: ↓ | O51: ↓ | P51: ↓ | Q51: ↓ | R51: ↓ | S51: ↓ | T51: 1 | U51: ↓ | V51: ↓ | W51: =IFERROR('GIR Log'!$D51/COUNTA('GIR Log'!$E51:$V51),0) -> 0.055555556
A52: Rich | B52: 45514 | C52: Brentwood Country Club | D52: =SUM('GIR Log'!$E52:$V52) -> 1 | E52: NC | F52: ↓ | G52: ← | H52: ↓ | I52: → | J52: ↑ | K52: 1 | L52: ↑ | M52: ↓ | N52: ↓ | O52: → | P52: → | Q52: ← | R52: ↓ | S52: ↓ | T52: ↓ | U52: ↑ | V52: → | W52: =IFERROR('GIR Log'!$D52/COUNTA('GIR Log'!$E52:$V52),0) -> 0.055555556
A53: Rich | B53: 45892 | C53: Spring Lake Thunderbird | D53: =SUM('GIR Log'!$E53:$V53) -> 6 | E53: 0 | F53: 1 | G53: 0 | H53: 0 | I53: 0 | J53: 1 | K53: 0 | L53: 1 | M53: 1 | N53: 0 | O53: 0 | P53: 0 | Q53: 1 | R53: 0 | S53: 0 | T53: 0 | U53: 1 | V53: 0 | W53: =IFERROR('GIR Log'!$D53/COUNTA('GIR Log'!$E53:$V53),0) -> 0.33333333
A54: Rich | B54: 45886 | C54: Spring Lake Thunderbird | D54: =SUM('GIR Log'!$E54:$V54) -> 8 | E54: ↓ | F54: ↓ | G54: → | H54: 1 | I54: ↓ | J54: 1 | K54: 1 | L54: 1 | M54: ↓ | N54: 1 | O54: 1 | P54: ↑ | Q54: ↓ | R54: 1 | S54: ↓ | T54: 1 | U54: ↓ | V54: ↓ | W54: =IFERROR('GIR Log'!$D54/COUNTA('GIR Log'!$E54:$V54),0) -> 0.44444444
A55: Rich | B55: 45897 | C55: Spring Lake Thunderbird | D55: =SUM('GIR Log'!$E55:$V55) -> 0 | E55: ← | F55: ↓ | G55: ← | H55: ↓ | I55: ← | J55: ← | K55: ↑ | L55: → | M55: ↓ | N55: ↓ | O55: ↓ | P55: ↓ | Q55: → | R55: ↓ | S55: ↓ | T55: ← | U55: ← | V55: ↓ | W55: =IFERROR('GIR Log'!$D55/COUNTA('GIR Log'!$E55:$V55),0) -> 0
A56: Rich | B56: 45829 | C56: Brentwood Country Club | D56: =SUM('GIR Log'!$E56:$V56) -> 6 | E56: ← | F56: ↓ | G56: ← | H56: ↓ | I56: ← | J56: ↓ | K56: ↓ | L56: ← | M56: 1 | N56: ↓ | O56: ↑ | P56: 1 | Q56: 1 | R56: ← | S56: 1 | T56: 1 | U56: 1 | V56: ↓ | W56: =IFERROR('GIR Log'!$D56/COUNTA('GIR Log'!$E56:$V56),0) -> 0.33333333
A57: Rich | B57: 45857 | C57: Bethpage Green | D57: =SUM('GIR Log'!$E57:$V57) -> 8 | E57: 1 | F57: ↓ | G57: ↑ | H57: ↑ | I57: ↓ | J57: ← | K57: 1 | L57: 1 | M57: ↓ | N57: ↓ | O57: 1 | P57: 1 | Q57: 1 | R57: 1 | S57: ← | T57: ↓ | U57: ↓ | V57: 1 | W57: =IFERROR('GIR Log'!$D57/COUNTA('GIR Log'!$E57:$V57),0) -> 0.44444444
A58: Rich | B58: 45844 | C58: Bethpage Green | D58: =SUM('GIR Log'!$E58:$V58) -> 3 | E58: 1 | F58: ← | G58: → | H58: ↓ | I58: 1 | J58: → | K58: ↓ | L58: ↑ | M58: ↓ | N58: ↓ | O58: ← | P58: ↓ | Q58: ↓ | R58: ↓ | S58: ↓ | T58: ↓ | U58: ↓ | V58: 1 | W58: =IFERROR('GIR Log'!$D58/COUNTA('GIR Log'!$E58:$V58),0) -> 0.16666667
A59: Rich | B59: 45653 | C59: Wailea Golf Club Gold Course | D59: =SUM('GIR Log'!$E59:$V59) -> 2 | E59: ↑ | F59: ↑ | G59: ← | H59: ↓ | I59: ↓ | J59: 1 | K59: ↓ | L59: ← | M59: ↑ | N59: ↓ | O59: ↑ | P59: 1 | Q59: ↓ | R59: ↓ | S59: ↓ | T59: ← | U59: ↓ | V59: ↓ | W59: =IFERROR('GIR Log'!$D59/COUNTA('GIR Log'!$E59:$V59),0) -> 0.11111111
A60: Rich | B60: 45655 | C60: Wailea Golf Club Emerald Course | D60: =SUM('GIR Log'!$E60:$V60) -> 4 | E60: 1 | F60: 1 | G60: ← | H60: 1 | I60: ↓ | J60: 1 | K60: ↓ | L60: ↑ | M60: ↓ | N60: ↓ | O60: ↓ | P60: ← | Q60: ↑ | R60: ↓ | S60: ↓ | T60: ↑ | U60: ↓ | V60: 0 | W60: =IFERROR('GIR Log'!$D60/COUNTA('GIR Log'!$E60:$V60),0) -> 0.22222222
A61: Rich | B61: 45649 | C61: Ka'anapali Golf Resort Royal Course | D61: =SUM('GIR Log'!$E61:$V61) -> 3 | E61: 0 | F61: ↓ | G61: ← | H61: 0 | I61: 0 | J61: 0 | K61: ↓ | L61: ↓ | M61: ↓ | N61: ↓ | O61: 1 | P61: ← | Q61: 1 | R61: ← | S61: ← | T61: ↓ | U61: 1 | V61: ↓ | W61: =IFERROR('GIR Log'!$D61/COUNTA('GIR Log'!$E61:$V61),0) -> 0.16666667
A62: Rich | B62: 45570 | C62: Bethpage Green | D62: =SUM('GIR Log'!$E62:$V62) -> 6 | E62: → | F62: 1 | G62: 1 | H62: 1 | I62: ← | J62: → | K62: ↓ | L62: ↑ | M62: ↓ | N62: ↓ | O62: ↓ | P62: 1 | Q62: ↓ | R62: → | S62: 1 | T62: 1 | U62: ↓ | V62: ↓ | W62: =IFERROR('GIR Log'!$D62/COUNTA('GIR Log'!$E62:$V62),0) -> 0.33333333
A63: Rich | B63: 45535 | C63: Bethpage Yellow | D63: =SUM('GIR Log'!$E63:$V63) -> 3 | E63: NC | F63: NC | G63: NC | H63: ↓ | I63: 0 | J63: 1 | K63: ↓ | L63: ↓ | M63: ↑ | N63: ↑ | O63: 1 | P63: ↑ | Q63: → | R63: ← | S63: ↓ | T63: ← | U63: 1 | V63: ← | W63: =IFERROR('GIR Log'!$D63/COUNTA('GIR Log'!$E63:$V63),0) -> 0.16666667
A64: Rich | B64: 45487 | C64: Bethpage Green | D64: =SUM('GIR Log'!$E64:$V64) -> 2 | E64: NC | F64: NC | G64: 1 | H64: ↓ | I64: NC | J64: ← | K64: ↓ | L64: 1 | M64: → | N64: NC | O64: ↑ | P64: ↑ | Q64: ↑ | R64: ↑ | S64: ← | T64: ↓ | U64: → | V64: ↑ | W64: =IFERROR('GIR Log'!$D64/COUNTA('GIR Log'!$E64:$V64),0) -> 0.11111111
A65: Rich | B65: 45172 | C65: Bethpage Green | D65: =SUM('GIR Log'!$E65:$V65) -> 5 | E65: 1 | F65: 0 | G65: 0 | H65: 0 | I65: 0 | J65: 0 | K65: 1 | L65: 1 | M65: 0 | N65: 1 | O65: 0 | P65: 1 | Q65: 0 | R65: 0 | S65: 0 | T65: 0 | U65: 0 | V65: 0 | W65: =IFERROR('GIR Log'!$D65/COUNTA('GIR Log'!$E65:$V65),0) -> 0.27777778
A66: Tyler | B66: 45941 | C66: Wind Watch Hamlet Course | D66: =SUM('GIR Log'!$E66:$V66) -> 1 | E66: ↓ | F66: ↑ | G66: ↓ | H66: ↓ | I66: ↓ | J66: ↓ | K66: ↓ | L66: ← | M66: ↓ | N66: ↑ | O66: ↓ | P66: ↓ | Q66: 1 | R66: → | S66: ↓ | T66: ↓ | U66: ↓ | V66: ↓ | W66: =IFERROR('GIR Log'!$D66/COUNTA('GIR Log'!$E66:$V66),0) -> 0.055555556
A67: Rich | B67: 45941 | C67: Wind Watch Hamlet Course | D67: =SUM('GIR Log'!$E67:$V67) -> 1 | E67: ← | F67: ↑ | G67: ↑ | H67: ↓ | I67: 1 | J67: ↓ | K67: ↓ | L67: ↓ | M67: ↓ | N67: ↑ | O67: ↑ | P67: ↑ | Q67: → | R67: ← | S67: ↓ | T67: ↓ | U67: ↓ | V67: ↓ | W67: =IFERROR('GIR Log'!$D67/COUNTA('GIR Log'!$E67:$V67),0) -> 0.055555556
A68: Rich | B68: 45143 | C68: Bethpage Yellow | D68: =SUM('GIR Log'!$E68:$V68) -> 8 | E68: 1 | F68: 0 | G68: 1 | H68: 0 | I68: 1 | J68: 1 | K68: 1 | L68: 1 | M68: 0 | N68: 0 | O68: 0 | P68: 0 | Q68: 0 | R68: 0 | S68: 1 | T68: 1 | U68: 0 | V68: 0 | W68: =IFERROR('GIR Log'!$D68/COUNTA('GIR Log'!$E68:$V68),0) -> 0.44444444
A69: Rich | B69: 45136 | C69: Bethpage Blue | D69: =SUM('GIR Log'!$E69:$V69) -> 6 | E69: 1 | F69: 1 | G69: 0 | H69: 1 | I69: 1 | J69: 0 | K69: 0 | L69: 0 | M69: 0 | N69: 0 | O69: 0 | P69: 0 | Q69: 1 | R69: 0 | S69: 0 | T69: 0 | U69: 0 | V69: 1 | W69: =IFERROR('GIR Log'!$D69/COUNTA('GIR Log'!$E69:$V69),0) -> 0.33333333
A70: Tyler | B70: 46160 | C70: Bethpage Blue | D70: =SUM('GIR Log'!$E70:$V70) -> 8 | E70: ← | F70: 1 | G70: v | H70: 1 | I70: 1 | J70: NC | K70: 1 | L70: 1 | M70: ↑ | N70: 1 | O70: 1 | P70: ← | Q70: 1 | R70: ↓ | S70: ↓ | T70: ↓ | U70: ↓ | V70: ↓ | W70: =IFERROR('GIR Log'!$D70/COUNTA('GIR Log'!$E70:$V70),0) -> 0.44444444
A71: Tyler | B71: 46164 | C71: Brentwood Country Club | D71: =SUM('GIR Log'!$E71:$V71) -> 2 | E71: 1 | F71: ↓ | G71: ↑ | H71: ↓ | I71: ↑ | J71: 1 | K71: ↓ | L71: ↑ | M71: ↓ | N71: ↓ | O71: ↓ | P71: → | Q71: ↑ | R71: → | S71: ↓ | T71: → | U71: ↓ | V71: ← | W71: =IFERROR('GIR Log'!$D71/COUNTA('GIR Log'!$E71:$V71),0) -> 0.11111111
A72: Ryan | B72: 46185 | C72: Swan Lake | D72: =SUM('GIR Log'!$E72:$V72) -> 4 | E72: NC | F72: ↓ | G72: ↓ | H72: → | I72: → | J72: → | K72: 1 | L72: 1 | M72: ↓ | N72: ↓ | O72: ↓ | P72: 1 | Q72: NC | R72: → | S72: ↓ | T72: 1 | U72: ↓ | V72: ↓ | W72: =IFERROR('GIR Log'!$D72/COUNTA('GIR Log'!$E72:$V72),0) -> 0.22222222
A75: Golfer | B75: Date | C75: Course | D75: GIR | E75: Hole 1 | F75: Hole 2 | G75: Hole 3 | H75: Hole 4 | I75: Hole 5 | J75: Hole 6 | K75: Hole 7 | L75: Hole 8 | M75: Hole 9
A76: Tyler | B76: 45457 | C76: Spring Lake Sandpiper Course | D76: =SUM('GIR Log'!$E76:$M76) -> 1 | E76: 1 | F76: 0 | G76: 0 | H76: 0 | I76: 0 | J76: 0 | K76: 0 | L76: 0 | M76: 0
A77: Tyler | B77: 45454 | C77: Bethpage Blue | D77: =SUM('GIR Log'!$E77:$M77) -> 0 | E77: 0 | F77: 0 | G77: 0 | H77: 0 | I77: 0 | J77: 0 | K77: 0 | L77: 0 | M77: 0

Sheet Course Stats
A1: Course | B1: Tees | C1: Yardage | D1: Rating | E1: Slope | F1: Par | G1: Hole 1 | H1: Hole 2 | I1: Hole 3 | J1: Hole 4 | K1: Hole 5 | L1: Hole 6 | M1: Hole 7 | N1: Hole 8 | O1: Hole 9 | P1: Hole 10 | Q1: Hole 11 | R1: Hole 12 | S1: Hole 13 | T1: Hole 14 | U1: Hole 15 | V1: Hole 16 | W1: Hole 17 | X1: Hole 18
A2: Bethpage Green | B2: Blue | C2: 6378 | D2: 70.2 | E2: 129 | F2: =SUM(CourseRatings[[#This Row],[Hole 1]:[Hole 18]]) -> 71 | G2: 4 | H2: 4 | I2: 3 | J2: 4 | K2: 4 | L2: 3 | M2: 5 | N2: 4 | O2: 5 | P2: 4 | Q2: 3 | R2: 4 | S2: 5 | T2: 4 | U2: 3 | V2: 4 | W2: 4 | X2: 4
A3: Bethpage Green | B3: White | C3: 6124 | D3: 69.4 | E3: 125 | F3: =SUM(CourseRatings[[#This Row],[Hole 1]:[Hole 18]]) -> 71 | G3: 4 | H3: 4 | I3: 3 | J3: 4 | K3: 4 | L3: 3 | M3: 5 | N3: 4 | O3: 5 | P3: 4 | Q3: 3 | R3: 4 | S3: 5 | T3: 4 | U3: 3 | V3: 4 | W3: 4 | X3: 4
A4: Bethpage Yellow | B4: Blue | C4: 6288 | D4: 69.6 | E4: 120 | F4: =SUM(CourseRatings[[#This Row],[Hole 1]:[Hole 18]]) -> 71 | G4: 4 | H4: 4 | I4: 4 | J4: 3 | K4: 4 | L4: 5 | M4: 3 | N4: 4 | O4: 4 | P4: 5 | Q4: 3 | R4: 4 | S4: 4 | T4: 3 | U4: 4 | V4: 4 | W4: 5 | X4: 4
A5: Bethpage Yellow | B5: White | C5: 6055 | D5: 68.6 | E5: 118 | F5: =SUM(CourseRatings[[#This Row],[Hole 1]:[Hole 18]]) -> 71 | G5: 4 | H5: 4 | I5: 4 | J5: 3 | K5: 4 | L5: 5 | M5: 3 | N5: 4 | O5: 4 | P5: 5 | Q5: 3 | R5: 4 | S5: 4 | T5: 3 | U5: 4 | V5: 4 | W5: 5 | X5: 4
A6: Bethpage Red | B6: White | C6: 6555 | D6: 71.9 | E6: 127 | F6: =SUM(CourseRatings[[#This Row],[Hole 1]:[Hole 18]]) -> 70 | G6: 4 | H6: 4 | I6: 4 | J6: 3 | K6: 5 | L6: 4 | M6: 3 | N6: 4 | O6: 4 | P6: 4 | Q6: 4 | R6: 3 | S6: 4 | T6: 4 | U6: 4 | V6: 5 | W6: 3 | X6: 4
A7: Bethpage Red | B7: Blue | C7: 7092 | D7: 74.4 | E7: 133 | F7: =SUM(CourseRatings[[#This Row],[Hole 1]:[Hole 18]]) -> 70 | G7: 4 | H7: 4 | I7: 4 | J7: 3 | K7: 5 | L7: 4 | M7: 3 | N7: 4 | O7: 4 | P7: 4 | Q7: 4 | R7: 3 | S7: 4 | T7: 4 | U7: 4 | V7: 5 | W7: 3 | X7: 4
A8: Bethpage Blue | B8: White | C8: 6405 | D8: 71.3 | E8: 127 | F8: =SUM(CourseRatings[[#This Row],[Hole 1]:[Hole 18]]) -> 72 | G8: 4 | H8: 4 | I8: 3 | J8: 5 | K8: 4 | L8: 4 | M8: 3 | N8: 5 | O8: 4 | P8: 4 | Q8: 3 | R8: 5 | S8: 4 | T8: 4 | U8: 4 | V8: 5 | W8: 3 | X8: 4
A9: Bethpage Blue | B9: Blue | C9: 6638 | D9: 72.3 | E9: 130 | F9: =SUM(CourseRatings[[#This Row],[Hole 1]:[Hole 18]]) -> 72 | G9: 4 | H9: 4 | I9: 3 | J9: 5 | K9: 4 | L9: 4 | M9: 3 | N9: 5 | O9: 4 | P9: 4 | Q9: 3 | R9: 5 | S9: 4 | T9: 4 | U9: 4 | V9: 5 | W9: 3 | X9: 4
A10: Brentwood Country Club | B10: Blue | C10: 6173 | D10: 69.6 | E10: 125 | F10: =SUM(CourseRatings[[#This Row],[Hole 1]:[Hole 18]]) -> 72 | G10: 5 | H10: 4 | I10: 3 | J10: 5 | K10: 3 | L10: 4 | M10: 4 | N10: 4 | O10: 4 | P10: 4 | Q10: 4 | R10: 4 | S10: 4 | T10: 3 | U10: 4 | V10: 4 | W10: 5 | X10: 4
A11: Wind Watch Hamlet Course | B11: Blue | C11: 6686 | D11: 71.3 | E11: 136 | F11: =SUM(CourseRatings[[#This Row],[Hole 1]:[Hole 18]]) -> 72 | G11: 4 | H11: 5 | I11: 4 | J11: 4 | K11: 5 | L11: 3 | M11: 4 | N11: 3 | O11: 4 | P11: 5 | Q11: 4 | R11: 3 | S11: 4 | T11: 3 | U11: 5 | V11: 4 | W11: 4 | X11: 4
A12: Spring Lake Sandpiper Course | B12: Blue | C12: 2896 | D12: 33.9 | E12: 122 | F12: =SUM(CourseRatings[[#This Row],[Hole 1]:[Hole 18]]) -> 36 | G12: 5 | H12: 4 | I12: 3 | J12: 4 | K12: 4 | L12: 3 | M12: 4 | N12: 4 | O12: 5
A13: Willow Creek Hamlet Course | B13: Blue | C13: 6311 | D13: 69.5 | E13: 131 | F13: =SUM(CourseRatings[[#This Row],[Hole 1]:[Hole 18]]) -> 71 | G13: 4 | H13: 3 | I13: 4 | J13: 3 | K13: 5 | L13: 4 | M13: 4 | N13: 4 | O13: 5 | P13: 4 | Q13: 3 | R13: 4 | S13: 5 | T13: 3 | U13: 5 | V13: 3 | W13: 4 | X13: 4
A14: Middle Island Country Club - Oak and Spruce | B14: White | C14: 6549 | D14: 71.3 | E14: 124 | F14: =SUM(CourseRatings[[#This Row],[Hole 1]:[Hole 18]]) -> 71 | G14: 5 | H14: 4 | I14: 4 | J14: 3 | K14: 4 | L14: 4 | M14: 4 | N14: 3 | O14: 5 | P14: 4 | Q14: 4 | R14: 5 | S14: 3 | T14: 4 | U14: 4 | V14: 4 | W14: 3 | X14: 4
A15: Bethpage Black | B15: White | C15: 6707 | D15: 74.6 | E15: 149 | F15: =SUM(CourseRatings[[#This Row],[Hole 1]:[Hole 18]]) -> 71 | G15: 4 | H15: 4 | I15: 3 | J15: 5 | K15: 4 | L15: 4 | M15: 5 | N15: 3 | O15: 4 | P15: 4 | Q15: 4 | R15: 4 | S15: 5 | T15: 3 | U15: 4 | V15: 4 | W15: 3 | X15: 4
A16: Wailea Golf Club Emerald Course | B16: Blue | C16: 6407 | D16: 71.3 | E16: 127 | F16: =SUM(CourseRatings[[#This Row],[Hole 1]:[Hole 18]]) -> 72 | G16: 4 | H16: 5 | I16: 3 | J16: 4 | K16: 4 | L16: 4 | M16: 4 | N16: 3 | O16: 5 | P16: 4 | Q16: 5 | R16: 4 | S16: 3 | T16: 4 | U16: 4 | V16: 3 | W16: 4 | X16: 5
A17: Wailea Golf Club Gold Course | B17: Blue | C17: 6653 | D17: 72.4 | E17: 97.2 | F17: =SUM(CourseRatings[[#This Row],[Hole 1]:[Hole 18]]) -> 72 | G17: 4 | H17: 5 | I17: 3 | J17: 4 | K17: 4 | L17: 4 | M17: 5 | N17: 3 | O17: 4 | P17: 4 | Q17: 3 | R17: 4 | S17: 5 | T17: 4 | U17: 5 | V17: 3 | W17: 4 | X17: 4
A18: Ka'anapali Golf Resort Royal Course | B18: Gold | C18: 5839 | D18: 69.8 | E18: 122 | F18: =SUM(CourseRatings[[#This Row],[Hole 1]:[Hole 18]]) -> 71 | G18: 5 | H18: 3 | I18: 4 | J18: 4 | K18: 4 | L18: 5 | M18: 4 | N18: 3 | O18: 5 | P18: 4 | Q18: 4 | R18: 4 | S18: 4 | T18: 4 | U18: 3 | V18: 4 | W18: 3 | X18: 4
A19: Sebonack Golf Club | B19: White | C19: 6409 | D19: 72.5 | E19: 137 | F19: =SUM(CourseRatings[[#This Row],[Hole 1]:[Hole 18]]) -> 72 | G19: 4 | H19: 4 | I19: 4 | J19: 3 | K19: 4 | L19: 4 | M19: 4 | N19: 3 | O19: 5 | P19: 4 | Q19: 4 | R19: 3 | S19: 5 | T19: 4 | U19: 5 | V19: 4 | W19: 3 | X19: 5
A20: Brentwood Country Club | B20: White | C20: 5835 | D20: 67.5 | E20: 121 | F20: =SUM(CourseRatings[[#This Row],[Hole 1]:[Hole 18]]) -> 72 | G20: 5 | H20: 4 | I20: 3 | J20: 5 | K20: 3 | L20: 4 | M20: 4 | N20: 4 | O20: 4 | P20: 4 | Q20: 4 | R20: 4 | S20: 4 | T20: 3 | U20: 4 | V20: 4 | W20: 5 | X20: 4
A21: Spring Lake Thunderbird | B21: Blue | C21: 6504 | D21: 70.5 | E21: 125 | F21: =SUM(CourseRatings[[#This Row],[Hole 1]:[Hole 18]]) -> 72 | G21: 4 | H21: 4 | I21: 3 | J21: 5 | K21: 4 | L21: 3 | M21: 4 | N21: 4 | O21: 5 | P21: 4 | Q21: 5 | R21: 4 | S21: 3 | T21: 4 | U21: 4 | V21: 3 | W21: 4 | X21: 5
A22: Pine Hollow | B22: White | C22: 6328 | D22: 70.4 | E22: 130 | F22: =SUM(CourseRatings[[#This Row],[Hole 1]:[Hole 18]]) -> 71 | G22: 5 | H22: 3 | I22: 4 | J22: 5 | K22: 4 | L22: 4 | M22: 4 | N22: 3 | O22: 4 | P22: 4 | Q22: 3 | R22: 4 | S22: 5 | T22: 3 | U22: 4 | V22: 4 | W22: 4 | X22: 4
A23: Cherry Creek | B23: White | C23: 6229 | D23: 70.5 | E23: 132 | F23: =SUM(CourseRatings[[#This Row],[Hole 1]:[Hole 18]]) -> 71 | G23: 4 | H23: 3 | I23: 5 | J23: 4 | K23: 4 | L23: 3 | M23: 4 | N23: 3 | O23: 5 | P23: 4 | Q23: 4 | R23: 4 | S23: 3 | T23: 4 | U23: 5 | V23: 4 | W23: 3 | X23: 5
A24: Wind Watch Hamlet Course | B24: White | C24: 6030 | D24: 69.2 | E24: 127 | F24: =SUM(CourseRatings[[#This Row],[Hole 1]:[Hole 18]]) -> 72 | G24: 4 | H24: 5 | I24: 4 | J24: 4 | K24: 5 | L24: 3 | M24: 4 | N24: 3 | O24: 4 | P24: 5 | Q24: 4 | R24: 3 | S24: 4 | T24: 3 | U24: 5 | V24: 4 | W24: 4 | X24: 4
A25: Swan Lake | B25: White | C25: 6372 | D25: 70.7 | E25: 122 | F25: =SUM(CourseRatings[[#This Row],[Hole 1]:[Hole 18]]) -> 72 | G25: 4 | H25: 5 | I25: 4 | J25: 3 | K25: 4 | L25: 5 | M25: 3 | N25: 4 | O25: 4 | P25: 4 | Q25: 4 | R25: 5 | S25: 4 | T25: 3 | U25: 5 | V25: 3 | W25: 4 | X25: 4

Sheet Course Yardages
A1: Course | B1: Tees | C1: Hole 1 | D1: Hole 2 | E1: Hole 3 | F1: Hole 4 | G1: Hole 5 | H1: Hole 6 | I1: Hole 7 | J1: Hole 8 | K1: Hole 9 | L1: Hole 10 | M1: Hole 11 | N1: Hole 12 | O1: Hole 13 | P1: Hole 14 | Q1: Hole 15 | R1: Hole 16 | S1: Hole 17 | T1: Hole 18
A2: Bethpage Green | B2: Blue | C2: 354 | D2: 380 | E2: 153 | F2: 363 | G2: 400 | H2: 190 | I2: 507 | J2: 347 | K2: 560 | L2: 343 | M2: 171 | N2: 291 | O2: 572 | P2: 366 | Q2: 207 | R2: 358 | S2: 418 | T2: 398
A3: Bethpage Green | B3: White | C3: 345 | D3: 367 | E3: 133 | F3: 344 | G3: 387 | H3: 178 | I3: 500 | J3: 337 | K3: 532 | L3: 328 | M3: 159 | N3: 279 | O3: 553 | P3: 352 | Q3: 165 | R3: 343 | S3: 408 | T3: 386
A4: Bethpage Yellow | B4: Blue | C4: 393 | D4: 398 | E4: 390 | F4: 166 | G4: 347 | H4: 487 | I4: 174 | J4: 360 | K4: 386 | L4: 524 | M4: 188 | N4: 313 | O4: 429 | P4: 188 | Q4: 363 | R4: 353 | S4: 485 | T4: 366
A5: Bethpage Yellow | B5: White | C5: 381 | D5: 389 | E5: 366 | F5: 151 | G5: 336 | H5: 474 | I5: 164 | J5: 338 | K5: 375 | L5: 510 | M5: 173 | N5: 300 | O5: 410 | P5: 178 | Q5: 355 | R5: 300 | S5: 475 | T5: 347
A6: Bethpage Red | B6: White | C6: 459 | D6: 387 | E6: 368 | F6: 158 | G6: 510 | H6: 337 | I6: 154 | J6: 378 | K6: 449 | L6: 416 | M6: 432 | N6: 189 | O6: 385 | P6: 421 | Q6: 438 | R6: 535 | S6: 153 | T6: 401
A7: Bethpage Red | B7: Blue | C7: 471 | D7: 401 | E7: 382 | F7: 181 | G7: 528 | H7: 350 | I7: 184 | J7: 403 | K7: 466 | L7: 451 | M7: 462 | N7: 208 | O7: 400 | P7: 435 | Q7: 450 | R7: 565 | S7: 165 | T7: 419
A8: Bethpage Blue | B8: White | C8: 397 | D8: 441 | E8: 180 | F8: 479 | G8: 298 | H8: 446 | I8: 175 | J8: 545 | K8: 348 | L8: 362 | M8: 187 | N8: 463 | O8: 347 | P8: 362 | Q8: 371 | R8: 490 | S8: 163 | T8: 351
A9: Bethpage Blue | B9: Blue | C9: 432 | D9: 451 | E9: 195 | F9: 493 | G9: 306 | H9: 462 | I9: 186 | J9: 565 | K9: 360 | L9: 381 | M9: 200 | N9: 473 | O9: 362 | P9: 383 | Q9: 387 | R9: 501 | S9: 175 | T9: 364
A10: Brentwood Country Club | B10: Blue | C10: 489 | D10: 372 | E10: 180 | F10: 497 | G10: 149 | H10: 386 | I10: 369 | J10: 304 | K10: 338 | L10: 357 | M10: 310 | N10: 386 | O10: 326 | P10: 170 | Q10: 417 | R10: 277 | S10: 479 | T10: 367
A11: Wind Watch Hamlet Course | B11: Blue | C11: 360 | D11: 480 | E11: 315 | F11: 375 | G11: 478 | H11: 177 | I11: 413 | J11: 169 | K11: 390 | L11: 470 | M11: 306 | N11: 148 | O11: 377 | P11: 218 | Q11: 543 | R11: 316 | S11: 419 | T11: 324
A12: Spring Lake Sandpiper Course | B12: Blue | C12: 389 | D12: 321 | E12: 155 | F12: 356 | G12: 277 | H12: 93 | I12: 289 | J12: 253 | K12: 469
A13: Willow Creek Hamlet Course | B13: Blue | C13: 298 | D13: 130 | E13: 327 | F13: 176 | G13: 457 | H13: 389 | I13: 301 | J13: 356 | K13: 534 | L13: 339 | M13: 157 | N13: 363 | O13: 555 | P13: 172 | Q13: 527 | R13: 137 | S13: 394 | T13: 385
A14: Middle Island Country Club - Oak and Spruce | B14: White | C14: 487 | D14: 470 | E14: 366 | F14: 198 | G14: 361 | H14: 382 | I14: 300 | J14: 207 | K14: 537 | L14: 449 | M14: 345 | N14: 529 | O14: 189 | P14: 389 | Q14: 390 | R14: 405 | S14: 140 | T14: 405
A15: Bethpage Black | B15: White | C15: 429 | D15: 354 | E15: 158 | F15: 461 | G15: 423 | H15: 386 | I15: 525 | J15: 191 | K15: 385 | L15: 434 | M15: 421 | N15: 432 | O15: 559 | P15: 149 | Q15: 430 | R15: 457 | S15: 195 | T15: 368
A16: Wailea Golf Club Emerald Course | B16: Blue | C16: 354 | D16: 484 | E16: 174 | F16: 344 | G16: 352 | H16: 438 | I16: 378 | J16: 135 | K16: 496 | L16: 369 | M16: 571 | N16: 367 | O16: 139 | P16: 368 | Q16: 395 | R16: 150 | S16: 300 | T16: 531
A17: Wailea Golf Club Gold Course | B17: Blue | C17: 400 | D17: 500 | E17: 176 | F17: 393 | G17: 428 | H17: 264 | I17: 567 | J17: 188 | K17: 333 | L17: 397 | M17: 159 | N17: 470 | O17: 514 | P17: 420 | Q17: 507 | R17: 180 | S17: 348 | T17: 409
A18: Ka'anapali Golf Resort Royal Course | B18: Gold | C18: 502 | D18: 175 | E18: 353 | F18: 359 | G18: 440 | H18: 440 | I18: 306 | J18: 167 | K18: 467 | L18: 433 | M18: 399 | N18: 335 | O18: 362 | P18: 380 | Q18: 171 | R18: 412 | S18: 140 | T18: 426
A19: Sebonack Golf Club | B19: White | C19: 316 | D19: 391 | E19: 384 | F19: 188 | G19: 320 | H19: 361 | I19: 412 | J19: 150 | K19: 490 | L19: 320 | M19: 412 | N19: 135 | O19: 495 | P19: 405 | Q19: 542 | R19: 390 | S19: 130 | T19: 501
A20: Brentwood Country Club | B20: White | C20: 435 | D20: 302 | E20: 169 | F20: 483 | G20: 133 | H20: 375 | I20: 350 | J20: 285 | K20: 303 | L20: 308 | M20: 284 | N20: 370 | O20: 297 | P20: 158 | Q20: 404 | R20: 262 | S20: 467 | T20: 355
A21: Spring Lake Thunderbird | B21: Blue | C21: 423 | D21: 338 | E21: 187 | F21: 520 | G21: 349 | H21: 153 | I21: 394 | J21: 399 | K21: 512 | L21: 326 | M21: 497 | N21: 343 | O21: 180 | P21: 411 | Q21: 344 | R21: 158 | S21: 421 | T21: 549
A22: Pine Hollow | B22: White | C22: 513 | D22: 171 | E22: 375 | F22: 526 | G22: 550 | H22: 370 | I22: 328 | J22: 196 | K22: 352 | L22: 367 | M22: 151 | N22: 370 | O22: 551 | P22: 130 | Q22: 360 | R22: 338 | S22: 360 | T22: 430
A23: Cherry Creek | B23: White | C23: 354 | D23: 178 | E23: 535 | F23: 345 | G23: 350 | H23: 158 | I23: 406 | J23: 150 | K23: 518 | L23: 314 | M23: 308 | N23: 443 | O23: 189 | P23: 425 | Q23: 561 | R23: 296 | S23: 174 | T23: 525
A24: Wind Watch Hamlet Course | B24: White | C24: 359 | D24: 440 | E24: 325 | F24: 353 | G24: 457 | H24: 155 | I24: 408 | J24: 154 | K24: 372 | L24: 468 | M24: 282 | N24: 123 | O24: 359 | P24: 194 | Q24: 545 | R24: 306 | S24: 405 | T24: 325
A25: Swan Lake | B25: White | C25: 338 | D25: 542 | E25: 419 | F25: 181 | G25: 356 | H25: 505 | I25: 128 | J25: 391 | K25: 384 | L25: 360 | M25: 366 | N25: 475 | O25: 305 | P25: 198 | Q25: 460 | R25: 157 | S25: 356 | T25: 354

Sheet Course Handicaps
A1: Course | B1: Tees | C1: Hole 1 | D1: Hole 2 | E1: Hole 3 | F1: Hole 4 | G1: Hole 5 | H1: Hole 6 | I1: Hole 7 | J1: Hole 8 | K1: Hole 9 | L1: Hole 10 | M1: Hole 11 | N1: Hole 12 | O1: Hole 13 | P1: Hole 14 | Q1: Hole 15 | R1: Hole 16 | S1: Hole 17 | T1: Hole 18
A2: Bethpage Green | B2: Blue | C2: 15 | D2: 3 | E2: 17 | F2: 11 | G2: 7 | H2: 5 | I2: 9 | J2: 13 | K2: 1 | L2: 12 | M2: 16 | N2: 18 | O2: 2 | P2: 14 | Q2: 8 | R2: 10 | S2: 4 | T2: 6
A3: Bethpage Green | B3: White | C3: 15 | D3: 3 | E3: 17 | F3: 11 | G3: 7 | H3: 5 | I3: 9 | J3: 13 | K3: 1 | L3: 12 | M3: 16 | N3: 18 | O3: 2 | P3: 14 | Q3: 8 | R3: 10 | S3: 4 | T3: 6
A4: Bethpage Yellow | B4: Blue | C4: 2 | D4: 4 | E4: 6 | F4: 14 | G4: 10 | H4: 8 | I4: 16 | J4: 12 | K4: 18 | L4: 3 | M4: 11 | N4: 17 | O4: 1 | P4: 9 | Q4: 7 | R4: 13 | S4: 5 | T4: 15
A5: Bethpage Yellow | B5: White | C5: 2 | D5: 4 | E5: 6 | F5: 14 | G5: 10 | H5: 8 | I5: 16 | J5: 12 | K5: 18 | L5: 3 | M5: 11 | N5: 17 | O5: 1 | P5: 9 | Q5: 7 | R5: 13 | S5: 5 | T5: 15
A6: Bethpage Red | B6: White | C6: 3 | D6: 7 | E6: 11 | F6: 15 | G6: 5 | H6: 9 | I6: 17 | J6: 13 | K6: 1 | L6: 14 | M6: 12 | N6: 16 | O6: 6 | P6: 4 | Q6: 2 | R6: 8 | S6: 18 | T6: 10
A7: Bethpage Red | B7: Blue | C7: 3 | D7: 7 | E7: 11 | F7: 15 | G7: 5 | H7: 9 | I7: 17 | J7: 13 | K7: 1 | L7: 14 | M7: 12 | N7: 16 | O7: 6 | P7: 4 | Q7: 2 | R7: 8 | S7: 18 | T7: 10
A8: Bethpage Blue | B8: White | C8: 7 | D8: 3 | E8: 13 | F8: 15 | G8: 17 | H8: 1 | I8: 11 | J8: 5 | K8: 9 | L8: 12 | M8: 16 | N8: 10 | O8: 18 | P8: 8 | Q8: 2 | R8: 4 | S8: 14 | T8: 6
A9: Bethpage Blue | B9: Blue | C9: 7 | D9: 3 | E9: 13 | F9: 15 | G9: 17 | H9: 1 | I9: 11 | J9: 5 | K9: 9 | L9: 12 | M9: 16 | N9: 10 | O9: 18 | P9: 8 | Q9: 2 | R9: 4 | S9: 14 | T9: 6
A10: Brentwood Country Club | B10: Blue | C10: 6 | D10: 2 | E10: 14 | F10: 8 | G10: 16 | H10: 4 | I10: 10 | J10: 18 | K10: 12 | L10: 13 | M10: 11 | N10: 5 | O10: 9 | P10: 15 | Q10: 1 | R10: 17 | S10: 3 | T10: 7
A11: Wind Watch Hamlet Course | B11: Blue | C11: 9 | D11: 5 | E11: 13 | F11: 11 | G11: 7 | H11: 17 | I11: 1 | J11: 15 | K11: 3 | L11: 4 | M11: 16 | N11: 18 | O11: 14 | P11: 12 | Q11: 2 | R11: 10 | S11: 6 | T11: 8
A12: Spring Lake Sandpiper Course | B12: Blue | C12: 15 | D12: 3 | E12: 11 | F12: 1 | G12: 7 | H12: 17 | I12: 9 | J12: 13 | K12: 5
A13: Willow Creek Hamlet Course | B13: Blue | C13: 15 | D13: 17 | E13: 9 | F13: 13 | G13: 7 | H13: 3 | I13: 11 | J13: 5 | K13: 1 | L13: 12 | M13: 18 | N13: 6 | O13: 4 | P13: 14 | Q13: 2 | R13: 16 | S13: 8 | T13: 10
A14: Middle Island Country Club - Oak and Spruce | B14: White | C14: 3 | D14: 2 | E14: 6 | F14: 8 | G14: 7 | H14: 5 | I14: 9 | J14: 4 | K14: 1 | L14: 3 | M14: 7 | N14: 1 | O14: 8 | P14: 4 | Q14: 2 | R14: 5 | S14: 9 | T14: 6
A15: Bethpage Black | B15: White | C15: 8 | D15: 16 | E15: 18 | F15: 2 | G15: 4 | H15: 10 | I15: 6 | J15: 14 | K15: 12 | L15: 9 | M15: 11 | N15: 7 | O15: 3 | P15: 17 | Q15: 1 | R15: 5 | S15: 13 | T15: 15
A16: Wailea Golf Club Emerald Course | B16: Blue | C16: 17 | D16: 5 | E16: 9 | F16: 13 | G16: 1 | H16: 3 | I16: 7 | J16: 15 | K16: 11 | L16: 2 | M16: 8 | N16: 6 | O16: 18 | P16: 10 | Q16: 4 | R16: 14 | S16: 16 | T16: 12
A17: Wailea Golf Club Gold Course | B17: Blue | C17: 11 | D17: 9 | E17: 15 | F17: 5 | G17: 3 | H17: 17 | I17: 1 | J17: 13 | K17: 7 | L17: 12 | M17: 16 | N17: 2 | O17: 8 | P17: 4 | Q17: 14 | R17: 18 | S17: 6 | T17: 10
A18: Ka'anapali Golf Resort Royal Course | B18: Gold | C18: 5 | D18: 15 | E18: 3 | F18: 11 | G18: 1 | H18: 9 | I18: 13 | J18: 17 | K18: 7 | L18: 6 | M18: 8 | N18: 14 | O18: 4 | P18: 12 | Q18: 16 | R18: 10 | S18: 18 | T18: 2
A19: Sebonack Golf Club | B19: White | C19: 15 | D19: 1 | E19: 5 | F19: 13 | G19: 17 | H19: 7 | I19: 3 | J19: 11 | K19: 9 | L19: 14 | M19: 2 | N19: 18 | O19: 6 | P19: 10 | Q19: 8 | R19: 4 | S19: 16 | T19: 12
A20: Brentwood Country Club | B20: White | C20: 6 | D20: 2 | E20: 14 | F20: 8 | G20: 16 | H20: 4 | I20: 10 | J20: 18 | K20: 12 | L20: 13 | M20: 11 | N20: 5 | O20: 9 | P20: 15 | Q20: 1 | R20: 17 | S20: 3 | T20: 7
A21: Spring Lake Thunderbird | B21: Blue | C21: 1 | D21: 13 | E21: 15 | F21: 7 | G21: 11 | H21: 17 | I21: 9 | J21: 3 | K21: 5 | L21: 12 | M21: 6 | N21: 14 | O21: 16 | P21: 4 | Q21: 8 | R21: 18 | S21: 2 | T21: 10
A22: Pine Hollow | B22: White | C22: 3 | D22: 17 | E22: 7 | F22: 5 | G22: 1 | H22: 9 | I22: 11 | J22: 15 | K22: 13 | L22: 14 | M22: 16 | N22: 12 | O22: 2 | P22: 18 | Q22: 8 | R22: 10 | S22: 6 | T22: 4
A23: Cherry Creek | B23: White | C23: 9 | D23: 13 | E23: 1 | F23: 7 | G23: 11 | H23: 17 | I23: 3 | J23: 15 | K23: 5 | L23: 16 | M23: 14 | N23: 2 | O23: 12 | P23: 4 | Q23: 8 | R23: 18 | S23: 10 | T23: 6
A24: Wind Watch Hamlet Course | B24: White | C24: 9 | D24: 5 | E24: 13 | F24: 11 | G24: 7 | H24: 17 | I24: 1 | J24: 15 | K24: 3 | L24: 4 | M24: 16 | N24: 18 | O24: 14 | P24: 12 | Q24: 2 | R24: 10 | S24: 6 | T24: 8
A25: Swan Lake | B25: White | C25: 5 | D25: 3 | E25: 1 | F25: 15 | G25: 13 | H25: 7 | I25: 17 | J25: 11 | K25: 9 | L25: 4 | M25: 8 | N25: 10 | O25: 18 | P25: 12 | Q25: 14 | R25: 16 | S25: 6 | T25: 2

Sheet Range Stats
A1: Golfer | B1: Date | C1: Club Type | D1: Club Brand | E1: Club Model | F1: Carry Distance | G1: Total Distance | H1: Ball Speed | I1: Launch Angle | J1: Launch Direction | K1: Apex | L1: Side Carry | M1: Club Speed | N1: Smash Factor | O1: Descent Angle | P1: Attack Angle | Q1: Club Path | R1: Club Data Est Type | S1: Spin Rate | T1: Spin Axis
A2: Tyler | B2: 45745 | C2: lw | D2: Cleveland | E2: RTX-4 Black Satin | F2: 59.1 | G2: 63.5 | H2: 61.3 | I2: 50.2 | J2: 4.1 | K2: 72.8 | L2: 6.7 | M2: 76.8 | N2: 0.8 | O2: 61.1
A3: Tyler | B3: 45745 | C3: lw | D3: Cleveland | E3: RTX-4 Black Satin | F3: 62.4 | G3: 64.5 | H3: 58.8 | I3: 43.5 | J3: -3.4 | K3: 56.9 | L3: -5.5 | M3: 73.5 | N3: 0.8 | O3: 53.3
A4: Tyler | B4: 45745 | C4: lw | D4: Cleveland | E4: RTX-4 Black Satin | F4: 68.9 | G4: 72.2 | H4: 64.8 | I4: 47 | J4: -2.1 | K4: 75.2 | L4: -3.2 | M4: 76.2 | N4: 0.85 | O4: 58.9
A5: Tyler | B5: 45745 | C5: lw | D5: Cleveland | E5: RTX-4 Black Satin | F5: 85.3 | G5: 87.5 | H5: 74.7 | I5: 44.4 | J5: -4.7 | K5: 93.3 | L5: -19.7 | M5: 77.9 | N5: 0.96 | O5: 59.7
A6: Tyler | B6: 45745 | C6: lw | D6: Cleveland | E6: RTX-4 Black Satin | F6: 63.5 | G6: 67.8 | H6: 64.6 | I6: 50.8 | J6: 1.8 | K6: 81.7 | L6: 2.2 | M6: 81.8 | N6: 0.79 | O6: 62.8
A7: Tyler | B7: 45745 | C7: sw | D7: Cleveland | E7: RTX-4 Black Satin | F7: 72.2 | G7: 76.6 | H7: 66.4 | I7: 43.1 | J7: -2.8 | K7: 71.8 | L7: -7.9 | M7: 77.6 | N7: 0.86 | O7: 55.5
A8: Tyler | B8: 45745 | C8: sw | D8: Cleveland | E8: RTX-4 Black Satin | F8: 120.3 | G8: 126.9 | H8: 92.2 | I8: 21.1 | J8: 0.3 | K8: 61.7 | L8: 10.7 | M8: 80.7 | N8: 1.14 | O8: 41.9
A9: Tyler | B9: 45745 | C9: sw | D9: Cleveland | E9: RTX-4 Black Satin | F9: 85.3 | G9: 87.5 | H9: 74.6 | I9: 44 | J9: -2 | K9: 92.2 | L9: -3.7 | M9: 82.9 | N9: 0.9 | O9: 59.2
A10: Tyler | B10: 45745 | C10: sw | D10: Cleveland | E10: RTX-4 Black Satin | F10: 90.8 | G10: 94.1 | H10: 80.3 | I10: 45.3 | J10: -5.6 | K10: 109.7 | L10: -12.6 | M10: 81.8 | N10: 0.98 | O10: 62.8
A11: Tyler | B11: 45745 | C11: sw | D11: Cleveland | E11: RTX-4 Black Satin | F11: 81 | G11: 85.3 | H11: 71.8 | I11: 42.7 | J11: -2.5 | K11: 82.7 | L11: -4 | M11: 83.5 | N11: 0.86 | O11: 57
A12: Tyler | B12: 45745 | C12: sw | D12: Cleveland | E12: RTX-4 Black Satin | F12: 75.5 | G12: 78.8 | H12: 72.6 | I12: 50 | J12: 1 | K12: 99.9 | L12: 4.3 | M12: 83.5 | N12: 0.87 | O12: 65
A13: Tyler | B13: 45745 | C13: sw | D13: Cleveland | E13: RTX-4 Black Satin | F13: 83.1 | G13: 86.4 | H13: 73 | I13: 43.9 | J13: 0.3 | K13: 88.3 | L13: 1.7 | M13: 82.9 | N13: 0.88 | O13: 58.5
... A804: Tyler | B804: 45895 | C804: d | D804: TaylorMade | E804: STEALTH 2 | F804: 213.3 | G804: 222.1 | H804: 144 | I804: 13.7 | J804: -6.7 | K804: 102.3 | L804: 31.2 | M804: 105 | N804: 1.37 | O804: 41.9
A805: Tyler | B805: 46115 | C805: pw | D805: TaylorMade | E805: STEALTH | F805: 122.7 | G805: 134.2 | H805: 92.7 | I805: 18.2 | J805: 2.6 | K805: 53.3 | L805: 3.5 | M805: 77.9 | N805: 1.19 | O805: 37.9 | P805: -5.8 | Q805: -1.7 | R805: 0 | S805: 5553 | T805: -2.6
A806: Tyler | B806: 46115 | C806: pw | D806: TaylorMade | E806: STEALTH | F806: 104.8 | G806: 108.2 | H806: 85.6 | I806: 31.3 | J806: -0.6 | K806: 82.4 | L806: 10.9 | M806: 80.1 | N806: 1.07 | O806: 52.5 | P806: -5.7 | Q806: -4 | R806: 0 | S806: 10789 | T806: 17.7
A807: Tyler | B807: 46115 | C807: pw | D807: TaylorMade | E807: STEALTH | F807: 103.8 | G807: 117.8 | H807: 76.4 | I807: 33.1 | J807: -3.6 | K807: 65.6 | L807: -3.6 | M807: 77.9 | N807: 0.98 | O807: 43.6 | P807: -5.1 | Q807: -4 | R807: 0 | S807: 1227 | T807: 8.6
A808: Tyler | B808: 46115 | C808: pw | D808: TaylorMade | E808: STEALTH | F808: 125.6 | G808: 135.3 | H808: 93.4 | I808: 28.4 | J808: -4.9 | K808: 91.4 | L808: -4.5 | M808: 84 | N808: 1.11 | O808: 50.7 | P808: -7.1 | Q808: -7.1 | R808: 0 | S808: 4956 | T808: 7.1
A809: Tyler | B809: 46115 | C809: pw | D809: TaylorMade | E809: STEALTH | F809: 118.4 | G809: 123 | H809: 94.3 | I809: 27.8 | J809: -3.9 | K809: 89.3 | L809: -10.9 | M809: 83.5 | N809: 1.13 | O809: 52.4 | P809: -5.7 | Q809: -5 | R809: 0 | S809: 11983 | T809: -3.1
A810: Tyler | B810: 46115 | C810: pw | D810: TaylorMade | E810: STEALTH | F810: 111.6 | G810: 115.9 | H810: 90.3 | I810: 29.7 | J810: -3.4 | K810: 88 | L810: -5.6 | M810: 83.5 | N810: 1.08 | O810: 53.2 | P810: -5.1 | Q810: -2.8 | R810: 0 | S810: 12522 | T810: 1.4
A811: Tyler | B811: 46115 | C811: pw | D811: TaylorMade | E811: STEALTH | F811: 97.8 | G811: 103.5 | H811: 79.7 | I811: 32.6 | J811: -4.3 | K811: 76.3 | L811: -3.4 | M811: 76.8 | N811: 1.04 | O811: 51.1 | P811: -0.4 | Q811: -3.8 | R811: 0 | S811: 7248 | T811: 6.8
A812: Tyler | B812: 46115 | C812: pw | D812: TaylorMade | E812: STEALTH | F812: 110.8 | G812: 117.7 | H812: 86.8 | I812: 28.2 | J812: -5.5 | K812: 76.2 | L812: 0.4 | M812: 80.1 | N812: 1.08 | O812: 48.8 | P812: -3.7 | Q812: -4 | R812: 0 | S812: 6898 | T812: 15.3
A813: Tyler | B813: 46115 | C813: 9i | D813: TaylorMade | E813: Stealth | F813: 128.6 | G813: 137.7 | H813: 96 | I813: 27.4 | J813: -3.9 | K813: 90.1 | L813: 8.8 | M813: 83.5 | N813: 1.15 | O813: 50.2 | P813: -6.1 | Q813: -5.2 | R813: 0 | S813: 5261 | T813: 19.5
A814: Tyler | B814: 46115 | C814: 9i | D814: TaylorMade | E814: Stealth | F814: 131.3 | G814: 136.8 | H814: 101.7 | I814: 21.6 | J814: -7.9 | K814: 80 | L814: -16 | M814: 82.4 | N814: 1.23 | O814: 47.9 | P814: -6.2 | Q814: -5 | R814: 0 | S814: 11191 | T814: 2.1
A815: Tyler | B815: 46115 | C815: 9i | D815: TaylorMade | E815: Stealth | F815: 112.8 | G815: 121 | H815: 91.9 | I815: 17.6 | J815: -5.1 | K815: 48.6 | L815: -16.5 | M815: 81.2 | N815: 1.13 | O815: 38.1 | P815: -8.6 | Q815: -6.8 | R815: 0 | S815: 10963 | T815: -9.1
A816: Tyler | B816: 46115 | C816: 9i | D816: TaylorMade | E816: Stealth | F816: 151.2 | G816: 168.7 | H816: 97.5 | I816: 26.2 | J816: -5.3 | K816: 77.6 | L816: -19.1 | M816: 82.9 | N816: 1.18 | O816: 39.8 | P816: -5.9 | Q816: -5.8 | R816: 0 | S816: 1502 | T816: -7.5
... A1275: Tyler | B1275: 46163 | C1275: 6i | D1275: TaylorMade | E1275: Stealth | F1275: 159.7 | G1275: 163 | H1275: 114.5 | I1275: 20.7 | J1275: -2.4 | K1275: 103.6 | L1275: 1.8 | M1275: 86.5 | N1275: 1.32 | O1275: 50.3 | P1275: -3.1 | Q1275: -5.2 | R1275: 0 | S1275: 6353 | T1275: 5.9
A1276: Tyler | B1276: 46171 | C1276: gw | D1276: TaylorMade | E1276: STEALTH | F1276: 103.9 | G1276: 108.3 | H1276: 83 | I1276: 32.1 | J1276: 0.6 | K1276: 80.1 | L1276: 1.1 | M1276: 81.2 | N1276: 1.02 | O1276: 50.8 | P1276: -4.5 | Q1276: -0.2 | R1276: 0
A1277: Tyler | B1277: 46171 | C1277: gw | D1277: TaylorMade | E1277: STEALTH | F1277: 98.5 | G1277: 102.8 | H1277: 79.5 | I1277: 31.5 | J1277: 3.8 | K1277: 71.3 | L1277: 6.6 | M1277: 81.2 | N1277: 0.98 | O1277: 49.1 | P1277: -8.3 | Q1277: -1.1 | R1277: 0
A1278: Tyler | B1278: 46171 | C1278: gw | D1278: TaylorMade | E1278: STEALTH | F1278: 107.2 | G1278: 111.6 | H1278: 84.8 | I1278: 30.7 | J1278: 1 | K1278: 79.6 | L1278: 2 | M1278: 80.1 | N1278: 1.06 | O1278: 50.1 | P1278: -5.6 | Q1278: 0.3 | R1278: 0
A1279: Tyler | B1279: 46171 | C1279: gw | D1279: TaylorMade | E1279: STEALTH | F1279: 109.4 | G1279: 116 | H1279: 86.8 | I1279: 22.2 | J1279: 1.2 | K1279: 56.9 | L1279: 2.4 | M1279: 81.2 | N1279: 1.07 | O1279: 41.6 | P1279: -7.1 | Q1279: -2 | R1279: 0
A1280: Tyler | B1280: 46171 | C1280: gw | D1280: TaylorMade | E1280: STEALTH | F1280: 96.3 | G1280: 100.6 | H1280: 78.4 | I1280: 33.1 | J1280: 0.1 | K1280: 73.5 | L1280: 0.3 | M1280: 82.4 | N1280: 0.95 | O1280: 50.2 | P1280: -4.6 | Q1280: -1.3 | R1280: 0
A1281: Tyler | B1281: 46171 | C1281: gw | D1281: TaylorMade | E1281: STEALTH | F1281: 108.3 | G1281: 112.7 | H1281: 85.4 | I1281: 30.1 | J1281: -0.3 | K1281: 79.1 | L1281: -0.6 | M1281: 83.3 | N1281: 1.03 | O1281: 49.8 | P1281: -7.3 | Q1281: -3.1 | R1281: 0
A1282: Tyler | B1282: 46171 | C1282: gw | D1282: TaylorMade | E1282: STEALTH | F1282: 107.2 | G1282: 113.8 | H1282: 85 | I1282: 22.5 | J1282: -5.9 | K1282: 54.9 | L1282: -11 | M1282: 76.7 | N1282: 1.11 | O1282: 41 | P1282: -7.2 | Q1282: -1.7 | R1282: 0
A1283: Tyler | B1283: 46171 | C1283: gw | D1283: TaylorMade | E1283: STEALTH | F1283: 99.6 | G1283: 105 | H1283: 80.1 | I1283: 30.4 | J1283: -3.4 | K1283: 69.6 | L1283: -5.9 | M1283: 73.9 | N1283: 1.08 | O1283: 48.1 | P1283: -5.2 | Q1283: -1.7 | R1283: 0
A1284: Tyler | B1284: 46171 | C1284: gw | D1284: TaylorMade | E1284: STEALTH | F1284: 112.7 | G1284: 117.1 | H1284: 87 | I1284: 27 | J1284: -9.7 | K1284: 72.3 | L1284: -18.9 | M1284: 75.1 | N1284: 1.16 | O1284: 46.9 | P1284: -6.1 | Q1284: -3.3 | R1284: 0
A1285: Tyler | B1285: 46171 | C1285: gw | D1285: TaylorMade | E1285: STEALTH | F1285: 119.2 | G1285: 123.6 | H1285: 91.3 | I1285: 28.1 | J1285: -7.4 | K1285: 84.3 | L1285: -15.4 | M1285: 81.1 | N1285: 1.13 | O1285: 49.7 | P1285: -5.9 | Q1285: -2.1 | R1285: 0
A1286: Tyler | B1286: 46171 | C1286: gw | D1286: TaylorMade | E1286: STEALTH | F1286: 118.2 | G1286: 123.6 | H1286: 91.4 | I1286: 23.1 | J1286: -1.3 | K1286: 67.2 | L1286: -2.5 | M1286: 82.8 | N1286: 1.1 | O1286: 44.5 | P1286: -5.7 | Q1286: -2.9 | R1286: 0
A1287: Tyler | B1287: 46171 | C1287: pw | D1287: TaylorMade | E1287: STEALTH | F1287: 128 | G1287: 133.5 | H1287: 95.9 | I1287: 24.3 | J1287: -1 | K1287: 80 | L1287: -2 | M1287: 76.5 | N1287: 1.25 | O1287: 47.2 | P1287: -6.9 | Q1287: 1 | R1287: 0
... A1327: Tyler | B1327: 46171 | C1327: lw | D1327: Cleveland | E1327: RTX-4 Black Satin | F1327: 88.6 | G1327: 90.8 | H1327: 74.4 | I1327: 37.9 | J1327: -1 | K1327: 77.5 | L1327: -1.5 | M1327: 80.7 | N1327: 0.92 | O1327: 53.4 | P1327: -2.4 | Q1327: -2 | R1327: 0

Sheet Rapsodo Course Stats
A1: Golfer | B1: Course | C1: Club Type | D1: Club Brand | E1: Club Model | F1: Carry Distance | G1: Total Distance | H1: Ball Speed | I1: Launch Angle | J1: Launch Direction | K1: Apex | L1: Side Carry | M1: Club Speed | N1: Smash Factor | O1: Descent Angle | P1: Attack Angle | Q1: Club Path | R1: Club Data Est Type | S1: Spin Rate | T1: Spin Axis
A2: Tyler | B2: Bethpage Black | C2: d | D2: TaylorMade | E2: STEALTH 2 | F2: 216.6 | G2: 223.2 | H2: 141.2 | I2: 0.8 | J2: -8.8 | K2: 17.4 | L2: -26.7 | M2: 105.1 | N2: 1.34 | O2: 14.3
A3: Tyler | B3: Bethpage Black | C3: 3w | D3: TaylorMade | E3: STEALTH 2 | F3: 222.1 | G3: 226.5 | H3: 140.9 | I3: 9.6 | J3: -5.2 | K3: 67.3 | L3: 23.4 | M3: 102.4 | N3: 1.38 | O3: 33.1
A4: Tyler | B4: Bethpage Black | C4: lw | D4: Cleveland | E4: RTX-4 Black Satin | F4: 50.3 | G4: 52.5 | H4: 52.5 | I4: 44.3 | J4: -5 | K4: 46.5 | L4: -4.5 | M4: 52.9 | N4: 0.99 | O4: 52.2
A5: Tyler | B5: Bethpage Black | C5: lw | D5: Cleveland | E5: RTX-4 Black Satin | F5: 12 | G5: 17.5 | H5: 22.6 | I5: 34.4 | J5: -3.4 | K5: 5.6 | L5: -0.6 | M5: 22.2 | N5: 1.02 | O5: 35.4
A6: Tyler | B6: Bethpage Black | C6: d | D6: TaylorMade | E6: STEALTH 2 | F6: 148.8 | G6: 148.8 | H6: 136.4 | I6: 9.6 | J6: -9.4 | K6: 68.4 | L6: -15.9 | M6: 109.6 | N6: 1.24 | O6: 35.3
A7: Tyler | B7: Bethpage Black | C7: 7i | D7: TaylorMade | E7: Stealth | F7: 93 | G7: 100.6 | H7: 83 | I7: 14 | J7: 10 | K7: 26 | L7: 23.8 | M7: 70.1 | N7: 1.18 | O7: 25.3
A8: Tyler | B8: Bethpage Black | C8: 9i | D8: TaylorMade | E8: Stealth | F8: 124.7 | G8: 131.3 | H8: 97.4 | I8: 30.9 | J8: 4 | K8: 107.9 | L8: 9.3 | M8: 86.2 | N8: 1.13 | O8: 54
A9: Tyler | B9: Bethpage Black | C9: 7i | D9: TaylorMade | E9: Stealth | F9: 165.2 | G9: 166.3 | H9: 114.8 | I9: 19.7 | J9: 2.8 | K9: 97.1 | L9: 31.1 | M9: 87.9 | N9: 1.31 | O9: 48.3
A10: Tyler | B10: Bethpage Black | C10: lw | D10: Cleveland | E10: RTX-4 Black Satin | F10: 26.3 | G10: 37.2 | H10: 38.4 | I10: 32.4 | J10: -7.2 | K10: 15.2 | L10: -4.9 | M10: 36.3 | N10: 1.06 | O10: 35.8
A11: Tyler | B11: Bethpage Black | C11: d | D11: TaylorMade | E11: STEALTH 2 | F11: 221 | G11: 227.6 | H11: 142.2 | I11: 13.8 | J11: -2.7 | K11: 106.9 | L11: -10.5 | M11: 104 | N11: 1.37 | O11: 44.2
A12: Tyler | B12: Bethpage Black | C12: 3w | D12: TaylorMade | E12: STEALTH 2 | F12: 192.5 | G12: 196.9 | H12: 133.5 | I12: 12.7 | J12: -4.4 | K12: 85.8 | L12: 28.4 | M12: 99.6 | N12: 1.34 | O12: 40.6
A13: Tyler | B13: Bethpage Black | C13: lw | D13: Cleveland | E13: RTX-4 Black Satin | F13: 42.7 | G13: 52.5 | H13: 49 | I13: 42.4 | J13: -5.4 | K13: 38.1 | L13: -4.4 | M13: 49 | N13: 1 | O13: 49.2
... A102: Tyler | B102: Bethpage Blue | C102: lw | D102: Cleveland | E102: RTX-4 Black Satin | F102: 21.9 | G102: 29.5 | H102: 33.4 | I102: 42.1 | J102: -2.6 | K102: 17.2 | L102: -1 | M102: 29.8 | N102: 1.12 | O102: 44.8
A103: Tyler | B103: Bethpage Blue | C103: d | D103: TaylorMade | E103: STEALTH 2 | F103: 224.3 | G103: 229.7 | H103: 141.6 | I103: 10.2 | J103: -9.4 | K103: 78.2 | L103: -36.2 | M103: 97.1 | N103: 1.46 | O103: 37 | P103: -1 | Q103: -1 | R103: 1 | S103: 3498 | T103: 0
A104: Tyler | B104: Bethpage Blue | C104: 6i | D104: TaylorMade | E104: Stealth | F104: 159.7 | G104: 165.2 | H104: 122.3 | I104: 17.2 | J104: -7.8 | K104: 98.9 | L104: -38.2 | M104: 90.4 | N104: 1.35 | O104: 47.5 | P104: -4 | Q104: -4.7 | R104: 0 | S104: 5080 | T104: -9.1
A105: Tyler | B105: Bethpage Blue | C105: lw | D105: Cleveland | E105: RTX-4 Black Satin | F105: 25.2 | G105: 28.4 | H105: 36.4 | I105: 35.8 | J105: -0.8 | K105: 17.1 | L105: -0.3 | M105: 39.8 | N105: 0.91 | O105: 39.9 | P105: -4.1 | Q105: -0.4 | R105: 0 | S105: 6437 | T105: 0.1
A106: Tyler | B106: Bethpage Blue | C106: d | D106: TaylorMade | E106: STEALTH 2 | F106: 204.6 | G106: 211.1 | H106: 135.6 | I106: 13.7 | J106: -4 | K106: 101.6 | L106: -5.9 | M106: 94.9 | N106: 1.43 | O106: 45.4 | P106: -1.6 | Q106: -8.4 | R106: 0 | S106: 4483 | T106: 4.2
A107: Tyler | B107: Bethpage Blue | C107: 3h | D107: TaylorMade | E107: STEALTH 2 Rescue | F107: 183.8 | G107: 191.5 | H107: 128.5 | I107: 10.5 | J107: -1.3 | K107: 74 | L107: -6.2 | M107: 91.6 | N107: 1.4 | O107: 40.7 | P107: -2.6 | Q107: -2 | R107: 0 | S107: 5778 | T107: -1.3
A108: Tyler | B108: Bethpage Blue | C108: lw | D108: Cleveland | E108: RTX-4 Black Satin | F108: 25.2 | G108: 31.7 | H108: 34.1 | I108: 39.3 | J108: 3.7 | K108: 17.4 | L108: 1.5 | M108: 47.5 | N108: 0.72 | O108: 42.9 | P108: 0.3 | Q108: 3.5 | R108: 0 | S108: 5232 | T108: -4.4
A109: Tyler | B109: Bethpage Blue | C109: 6i | D109: TaylorMade | E109: Stealth | F109: 158.6 | G109: 161.9 | H109: 108.4 | I109: 19.5 | J109: -4.4 | K109: 83.1 | L109: -26.1 | M109: 87.7 | N109: 1.24 | O109: 44.7 | P109: -0.6 | Q109: -0.8 | R109: 0 | S109: 4530 | T109: -11.9
A110: Tyler | B110: Bethpage Blue | C110: lw | D110: Cleveland | E110: RTX-4 Black Satin | F110: 12 | G110: 19.7 | H110: 23.9 | I110: 35.7 | J110: 0.7 | K110: 7.3 | L110: 0.1 | M110: 28 | N110: 0.85 | O110: 37.4 | P110: -1.3 | Q110: 6.7 | R110: 0 | S110: 3436 | T110: -6.9
A111: Tyler | B111: Bethpage Blue | C111: d | D111: TaylorMade | E111: STEALTH 2 | F111: 193.6 | G111: 202.4 | H111: 128.1 | I111: 10.5 | J111: -10.2 | K111: 69 | L111: -14.6 | M111: 92.6 | N111: 1.38 | O111: 38.3 | P111: -1 | Q111: -1 | R111: 1 | S111: 4993 | T111: 11.7
A112: Tyler | B112: Bethpage Blue | C112: 3h | D112: TaylorMade | E112: STEALTH 2 Rescue | F112: 193.6 | G112: 200.2 | H112: 125 | I112: 12.6 | J112: -3.7 | K112: 75.8 | L112: -25.1 | M112: 88.1 | N112: 1.42 | O112: 40.1 | P112: -3.2 | Q112: -4.9 | R112: 0 | S112: 4538 | T112: -8.7
A113: Tyler | B113: Bethpage Blue | C113: sw | D113: Cleveland | E113: RTX-4 Black Satin | F113: 79.9 | G113: 77.7 | H113: 70.9 | I113: 33 | J113: -5 | K113: 60.7 | L113: -9.5 | M113: 78.3 | N113: 0.91 | O113: 49.3 | P113: -6.2 | Q113: -1.2 | R113: 0 | S113: 10961 | T113: -5.6
A114: Tyler | B114: Bethpage Blue | C114: d | D114: TaylorMade | E114: STEALTH 2 | F114: 188.2 | G114: 191.5 | H114: 130.2 | I114: 16.8 | J114: -3.2 | K114: 107.5 | L114: 17.9 | M114: 93.6 | N114: 1.39 | O114: 48 | P114: 0.3 | Q114: -7.8 | R114: 0 | S114: 4637 | T114: 16.3
... A125: Tyler | B125: Bethpage Blue | C125: lw | D125: Cleveland | E125: RTX-4 Black Satin | F125: 9.8 | G125: 17.5 | H125: 21.6 | I125: 34.4 | J125: 0.2 | K125: 5.6 | L125: 0 | M125: 24.4 | N125: 0.89 | O125: 35.7 | P125: -1.3 | Q125: 8.6 | R125: 0 | S125: 2764 | T125: -9.2
